"state","abbrev","d_exists","program_names","administrator","implementer_model","mv_basis","min_savings_threshold","incentive_recipient","assignment_permitted","payment_basis","cost_bearer_options","enrollment_path","our_measures_fit","status","verified_on","confidence","sources","notes"
"Alaska","AK","not_screened","none identified","n/a","n/a","n/a","n/a","n/a","n/a","n/a","n/a","n/a","not assessed","Not researched this session (zero fetches completed) after the assigned regional agent's search budget was exhausted.","2026-09-22","low","","Not screened due to a shared session search-budget exhaustion during multi-agent research; consistent with expectation of minimal/no formal ratepayer-funded commercial EE portfolio in Alaska, but this is an assumption, not a verified finding. Needs a dedicated follow-up pass."
"Alabama","AL","not_found","none found (Alabama Power lists Energy Services/consulting, LED outdoor lighting, weatherization, EV offers; no named formal ratepayer EE portfolio)","Alabama Power","n/a","n/a","n/a","n/a","unknown","n/a","n/a","n/a","not assessed","One confirming source reached; no third-party measured-savings program found.","2026-09-22","low","https://www.alabamapower.com/business/save-money-and-energy.html","Consistent with expectation of minimal formal ratepayer-funded commercial EE in Alabama, but only a single source was checked; not exhaustive."
"Arkansas","AR","not_screened","none confirmed","unknown","unknown","n/a","n/a","n/a","unknown","n/a","n/a","n/a","not assessed","Not researched this session — WebSearch quota exhausted before this state was reached.","2026-09-22","low","","Arkansas has an Energy Efficiency statewide framework via APSC dockets (AR PSC collaborative); worth checking for a third-party implementer track (e.g., CLEAResult has historically been active as an implementer in AR) — needs primary-source confirmation, not assumption."
"Arizona","AZ","not_screened","unknown","APS / TEP (unverified)","n/a","n/a","n/a","n/a","unknown","n/a","n/a","n/a","not assessed","Could not verify — no successful fetch; only 404s obtained.","2026-09-22","low","","Needs a follow-up pass through ACC dockets and APS/TEP's current business-program URLs."
"California","CA","yes","SoCalGas GRID-MAP (implementer: Mendota Group LLC) and Service RCx+ (implementer: Veolia North America) — live, currently operating third-party measured-savings programs; PG&E/SCE/SDG&E ""Market Access Program"" (MAP) / ""Market Access Approach"" (MAA) — population-NMEC aggregator marketplace mandated statewide by PG&E's Resource Savings Rulebook (all non-REN PAs required to offer an MAA-style program from July 1, 2024); SCE also runs a standing site-level NMEC ""Customized"" offering","PG&E, SCE, SDG&E, SoCalGas (Program Administrators) delivering via named third-party implementers/aggregators under the CPUC D.16-08-019 third-party model and the NMEC Rulebook (R.13-11-005, v2.1)","open marketplace enrollment for MAP/MAA aggregators (sign a Program-Implementer-administered Aggregator Agreement after qualification review, not a per-slot competitive RFP); utility-selected named third-party implementer per program for SoCalGas's GRID-MAP/Service RCx+ and most SCE/PG&E third-party solicitations","population_nmec","No explicit threshold found for the MAP/MAA aggregator model; SCE's separate site-NMEC Customized offering requires >=100,000 kWh AND >=10% of annual electric usage AND a $12,000 minimum incentive; SoCalGas segments commercial tiers at 50,000 therms (C-BEST vs Large Public Sector), a program-eligibility split rather than a P4P minimum","aggregator (MAP/MAA; SoCalGas third-party programs pay the named implementer) / customer (SCE's separate site-NMEC Customized track pays the customer directly)","unknown — not explicitly addressed in any document reviewed; a manufacturer could plausibly register as its own aggregator","100% of aggregator payment tied to NMEC-verified Total System Benefit, paid quarterly, net of a marketplace management fee (~37% in PG&E's plan); SoCalGas GRID-MAP compensates the named implementer on a measured pre/post consumption basis","aggregator/implementer typically fronts capital or arranges customer financing; not restricted from a manufacturer bearing install cost","Outside contractor/manufacturer's realistic path: (a) subcontract under SoCalGas's existing named implementers (Mendota Group for GRID-MAP, Veolia for Service RCx+); (b) register as a qualified aggregator under PG&E's/SCE's/SDG&E's Aggregator Agreement process once each utility's current 2025-2026 enrollment portal is located (not confirmed live at time of research); (c) wait for the next CPUC-mandated third-party solicitation cycle","optimizer, cryogenx4, rtu_replacement, thermal_barrier plausibly fit — NMEC (site- and population-level) is inherently measure-agnostic, paying on verified whole-meter/portfolio consumption change rather than a deemed measure list; solar_thermal plausible but not specifically named in any measure-category list found","SoCalGas's third-party roster confirmed live/current via direct fetch. PG&E's/SCE's/SDG&E's MAP/MAA programs are CPUC-mandated to continue post-July-2024, but current (2025-2026) branded/live enrollment pages could not be located; SDG&E's original 2022-2023 emergency-authorized ""CORE MAP"" tranche is confirmed OFFICIALLY CLOSED as of June 1, 2025 (installations due June 30, 2025) per SDG&E's own MAP Aggregators page — a newer/mandated SDG&E MAP cycle may exist but was not found.","2026-09-22","medium","https://www.socalgas.com/savings/energy-saving-tips-and-tools/energy-efficiency-contracted-programs | https://www.cpuc.ca.gov/-/media/cpuc-website/divisions/energy-division/documents/energy-efficiency/market-access-program/implementation-plan/pge-implementation-plan.pdf | https://www.pge.com/assets/pge/docs/about/doing-business-with-pge/PGE-Resource-Savings-Rulebook.pdf | https://www.cpuc.ca.gov/-/media/cpuc-website/divisions/energy-division/documents/energy-efficiency/market-access-program/implementation-plan/sce-implementation-plan.pdf | https://sce-trade-ally-community.my.site.com/tradeally/file-asset/NMEC_Procedures_Manual?v=1 | https://www.cpuc.ca.gov/-/media/cpuc-website/divisions/energy-division/documents/energy-efficiency/market-access-program/sdge-al-3951-e.pdf | https://www.sdge.com/residential/savings-center/energy-saving-programs/market-access-program-aggregators | https://www.cpuc.ca.gov/industries-and-topics/electrical-energy/demand-side-management/energy-efficiency/market-access-program | https://peakenergyllc.com/about-us","See archetype-d-notes.md California section for full detail including the Peak Energy Solutions finding: a real company (peakenergyllc.com, Peak Energy Solutions) markets itself as an aggregator/facilitator specifically for California's Market Access Programs, using meter-based savings methods and commercial-building retrofits — but it does NOT appear on SDG&E's aggregator eligibility page (which lists no roster at all, just an application process) and was not found in any CPUC/PG&E/SCE/SoCalGas primary-source document. ""Tri-S"" and ""CryoGenX4"" were not found in any CPUC/utility program material (only on Tri-S's own marketing pages). No direct partnership between Peak Energy Solutions and Tri-S/CryoGenX4 was found."
"Colorado","CO","not_found","Custom Projects, Studies and Audit-Based Incentives; Process and Commercial Efficiency-style programs","Xcel Energy Colorado","utility-run","deemed_with_p4p","not found","customer","unknown","covers up to 75% of engineering study cost; custom rebates for equipment not covered under prescriptive programs","customer","Xcel Business Solutions Center (855-839-8862) for custom/audit-based programs","rtu_replacement and thermal_barrier plausible under Custom Projects; optimizer/cryogenx4/solar_thermal would need individual pre-approval as non-standard measures under a deemed/custom-audit program, not a confirmed NMEC track","No live ""Pay for Performance"" or NMEC-branded commercial program was confirmed for Xcel Energy Colorado despite two direct searches (2026); only deemed/custom-audit programs were found. Colorado PUC docket record not directly reached.","2026-09-22","low","https://coloradosun.com/2024/10/15/energy-efficiency-rebates-businesses-xcel-colorado/ | https://www.xcelenergy.com/staticfiles/xe-responsive/Programs%20and%20Rebates/Business/CO-Business_Programs_Summary.pdf","Flagged as a strong lead by the research brief (Xcel CO ""Pay for Performance""/custom NMEC track); not confirmed as currently existing. Recommend a follow-up directly against Colorado PUC docket search and Xcel's live my.xcelenergy.com business portal (JS-rendered, not fetchable by this tool chain)."
"Connecticut","CT","not_found","Energize CT commercial custom incentive programs (Eversource, United Illuminating)","Eversource / United Illuminating, PURA-regulated","utility-run","not found","not found","n/a","unknown","not found","not found","n/a","not assessed","Only one search completed before regional search budget was exhausted; only CT's Energy Storage Solutions (battery) program and generic commercial-buildings page surfaced — no HVAC/EE NMEC program confirmed either way.","2026-09-22","low","https://www.energizect.com/energy-assessments/commercial-buildings-municipal | https://www.energizect.com/","Under-searched. Needs a follow-up directly against PURA docket search (portal.ct.gov/PURA) before this can be treated as a confident no."
"District of Columbia","DC","yes","DCSEU Pay for Performance (P4P) — Commercial & Institutional Building Energy Saving Program","DC Sustainable Energy Utility (DCSEU), operated by VEIC under a performance contract with DOEE (District Dept. of Energy & Environment) pursuant to the Clean and Affordable Energy Act of 2008","utility(agency)-selected sole implementer — DOEE selects DCSEU/VEIC as the District's sole SEU via competitive RFP (contract awarded 2017); within the P4P program, individual commercial/institutional building projects enroll on an open basis","site_nmec",">50,000 sq ft building size; annual target project savings must exceed 100,000 kWh electric or 500 MMBtu gas; measures must deliver >10% annual savings based on pre/post metered data","customer (building owner/participant) — DCSEU is itself paid via its overall performance contract with DOEE (cumulative BTU targets), not per individual P4P project","unknown — not explicitly addressed; commercial P4P incentive rates are individually negotiated per project (""depends on the bid presented by implementers""), suggesting an ESCO/implementer role is common but assignment mechanics are not spelled out","custom negotiated rate per unit of verified savings (paid per MWh electric / MMBtu gas), paid after a post-project M&V evaluation period once savings are measured and verified","not specified; likely customer or customer's ESCO/implementer, financing options exist","An outside contractor or manufacturer's realistic path is to act as the customer's engineering/ESCO partner developing and submitting the P4P proposal to DCSEU (which is itself the sole implementer for the whole District, selected by DOEE, not a marketplace of competing aggregators)","optimizer, cryogenx4, rtu_replacement, thermal_barrier, solar_thermal all plausibly fit as components of a bundled retrofit achieving the >10% whole-building metered savings threshold, since P4P is measure-agnostic by design (pays on outcome, not a deemed list)","Live, active program as of research date; DCSEU's current (2017-2026) DOEE contract has cumulative BTU-based targets through FY2026.","2026-09-22","medium","https://www.dcseu.com/commercial-and-multifamily/pay-for-performance | https://www.dcseu.com/pay-for-performance | https://www.dcseu.com/Media/Default/docs/business/PayforPerformanceFAQs.pdf | https://doee.dc.gov/service/dcseu-contract | https://doee.dc.gov/service/dcseu","Strongest small-jurisdiction match to archetype D found in this screen: DCSEU/VEIC is a genuine non-utility implementer operating under a performance-based contract with a government agency (DOEE, functioning in a PUC-like role), with individual commercial P4P projects measured/verified against metered pre- and post-installation data. Direct fetch of the full P4P Program Guidelines PDF was blocked (403); findings rely on search-snippet extraction of that PDF plus the FAQ document and program pages."
"Delaware","DE","no","Energy Efficiency Investment Fund (EEIF); Business Technical Assistance (free, via Sustainable Real Estate Solutions' EPIC platform)","DNREC / Energize Delaware (a 501(c)(3) nonprofit, first-of-its-kind ""Sustainable Energy Utility"" model, est. 2007)","n/a — deemed rebate + free technical-assistance model, not a third-party aggregator paid on measured savings","other","not found","customer","unknown","grant/rebate against custom/prescriptive measure cost; EEIF requires detailed system design and PE-verified predicted (not metered/ongoing) performance calculation for custom measures","customer; third-party vendors and PPAs are noted as eligible participants in project delivery, but this refers to installation contractors, not a savings-based payment intermediary","n/a — no implementer/aggregator enrollment path found; a contractor would work through Energize Delaware's standard technical-assistance/rebate process on behalf of a customer","rtu_replacement and thermal_barrier could plausibly qualify as custom measures with PE-verified predicted savings; optimizer and cryogenx4 would need individual pre-approval and are unlikely to fit without a recognized workpaper/precedent","Energize Delaware (DESEU) is itself a non-utility, performance-contracted statewide administrator (structurally similar to DCSEU/Hawaii Energy), but its commercial programs found are deemed/predicted-savings rebates and free technical assistance, not an NMEC/measured-savings pay-for-performance structure paying an implementer.","2026-09-22","medium","https://documents.dnrec.delaware.gov/energy/eeif/eeif-program-guidelines-and-operational-procedures.pdf | https://dnrec.delaware.gov/climate-coastal-energy/efficiency/evaluation-measurement-verification/ | https://www.energizedelaware.org/business-technical-assistance/ | https://energizedelaware.org/business/","Delaware's DESEU structure (non-utility statewide administrator under a public-purpose contract) is the same family as DCSEU and Hawaii Energy, but unlike DC's P4P program, no measured/NMEC-basis commercial track was found for Delaware."
"Florida","FL","no","Business Energy Manager; HVAC/Indoor Lighting rebates; Commercial Demand Reduction; Custom Incentive; Business Energy Evaluation","FPL (Duke Energy Florida and TECO not independently verified)","utility-run","other","not found","customer","unknown","rebate/bill credit per measure or custom-calculated incentive","customer","n/a — standard customer rebate application; FPL's ""Custom Incentive"" track is customer-facing, not implementer-paid","rtu_replacement fits Custom Incentive; optimizer/cryogenx4/solar_thermal/thermal_barrier have no clear path without the Custom Incentive track, which does not appear to be implementer-paid on measured savings","No archetype D found in FPL's public program materials; consistent with historically minimal FEECA-driven commercial EE investment in Florida. Duke Energy Florida and TECO not independently checked.","2026-09-22","low-medium","https://www.fpl.com/business/save/programs.html","FPL's ""Custom Incentive"" program name deserves a closer look in a follow-up pass, as such generic names sometimes hide M&V-based tracks behind marketing copy; not confirmed either way here."
"Georgia","GA","not_screened","Commercial Energy Efficiency Program (CEEP) — referenced by name only; detail page could not be reached (repeated 404s)","Georgia Power","unknown","unknown","unknown","unknown","unknown","unknown","unknown","Become a Participating Contractor (pathway referenced on Georgia Power's business site, but CEEP detail page not reachable)","not assessed","Georgia Power's business site confirms a CEEP program with a contractor-participation pathway exists, but the CEEP detail/program-manual page could not be loaded this session — genuinely unresolved, not a considered no.","2026-09-22","low","https://www.georgiapower.com/business.html","Real, unresolved lead. Needs a direct fetch of Georgia Power's CEEP program page/manual and a Georgia PSC docket search in a follow-up pass; Georgia has historically had low IRP-driven EE investment, consistent with (but not proof of) a deemed-only structure."
"Hawaii","HI","no","Hawaii Energy Customized Projects; Rebates for Business; Energy Advantage Program; EmPOWER Grant","Hawaii Energy (a non-utility, PUC-designated independent program administrator for Hawaiian Electric territory)","open enrollment — customer applies directly for pre-approval; Hawaii Energy is the sole administrator with no evidence of sub-implementers/aggregators","deemed_with_p4p","simple payback must exceed 1 year; incentive capped at up to 50% of project cost based on projected first-year savings","customer","unknown — not addressed","one-time incentive based on projected first-year savings, pre-approved before work begins (not an ongoing metered-savings payment stream)","customer","A contractor/manufacturer would need to work through the customer's Customized Projects application to Hawaii Energy directly; no separate implementer/aggregator contract track found","explicitly measure-agnostic (""design your own energy efficiency project"", case-by-case) — optimizer, cryogenx4, rtu_replacement, solar_thermal, thermal_barrier all plausible candidates for pre-approval, though each needs individual sign-off and there is no automatic NMEC-style ongoing payment","Live, non-utility-administered, measure-agnostic custom program — structurally the closest analog to archetype D found outside DC, but ultimately a one-time deemed/projected-savings rebate paid to the customer, not an implementer paid over 1-2 years on ongoing measured savings.","2026-09-22","medium","https://www.hawaiienergy.com/business | https://hawaiienergy.com/for-business/rebates-for-business/customized-projects/","Did not check for a separate Hawaii PUC docket establishing any P4P/NMEC track beyond Customized Projects."
"Iowa","IA","not_screened","none confirmed","unknown","unknown","n/a","n/a","n/a","unknown","n/a","n/a","n/a","not assessed","Could not reach Alliant Energy or MidAmerican Energy business efficiency pages (404s), and the Iowa Utilities Commission energy-efficiency page also 404'd; no successful fetch this session.","2026-09-22","low","","Essentially unresolved; needs a fresh pass with working search/fetch access to Alliant/MidAmerican and IUC docket records."
"Idaho","ID","no","New Construction/Major Renovations, Retrofits, Custom Projects, Multifamily, Flex Peak, Irrigation, Small Business Lighting","Idaho Power","utility-run / direct","other","not found","customer","unknown","rebate-style (implied)","customer","customer applies directly, or via contractor acting as their agent","rtu_replacement clearly fits Retrofits/Custom Projects; solar_thermal and thermal_barrier plausible under Custom Projects; optimizer and cryogenx4 uncertain — no measure-agnostic NMEC track found","No evidence of a non-utility-implementer measured-savings track found; program is deemed-savings, utility-run.","2026-09-22","medium","https://www.idahopower.com/savings-rebates/savings-for-your-business/","Avista's Idaho-territory programs (parallel to its Washington Pay for Performance program, see WA row) were not separately checked and may extend into Idaho — worth a follow-up cross-check."
"Illinois","IL","no","ComEd Retro-Commissioning (RCx); Ameren Illinois Retro-Commissioning/Monitoring-Based Commissioning; ComEd competitively-bid ""Third-Party Programs""","ComEd / Ameren Illinois, delivered via networks of approved Retro-Commissioning Service Providers; ComEd also runs competitively-bid third-party delivery (evaluator Apex Analytics; implementers have included Resource Innovations)","utility-selected RSP network (RCx) / competitive solicitation (ComEd Third-Party Programs)","deemed_with_p4p","not specified","customer","unknown","cost-of-survey coverage (50-100%) plus a deemed-savings implementation incentive paid to the customer/building owner, not to the implementer","utility ratepayer-funded incentive; customer bears remaining project cost","become an approved Retro-Commissioning Service Provider / ComEd ""Energy Efficiency Service Provider,"" or bid into ComEd's periodic third-party RFP","rtu_replacement and thermal_barrier plausibly fit an RCx/custom track; optimizer and cryogenx4 would need pre-approval as non-standard/custom measures — no evidence found of a true NMEC pay-for-performance track that would admit them without a deemed-measure reference","Illinois Statewide TRM (v14.0) exists and ComEd runs competitively-bid third-party delivery, but no program was confirmed matching the strict archetype D definition (implementer paid on metered/NMEC savings replacing the customer's rebate path); ICC docket PDFs on the Statewide TRM's NMEC provisions could not be rendered for direct inspection.","2026-09-22","low","https://www.amerenillinoissavings.com/business/retro-commissioning/ | https://icc.illinois.gov/programs/Illinois-Statewide-Technical-Reference-Manual-for-Energy-Efficiency","Real, sourced programs reviewed and determined not to match archetype D, as distinct from states that were simply unscreened."
"Indiana","IN","no","NIPSCO Custom Incentive Program; NIPSCO Retro-Commissioning Incentives","NIPSCO","utility-selected","other","not found","customer","unknown","incentive per project","ratepayer incentive + customer cost share","contact BusinessLink@nisource.com","rtu_replacement fits Custom Incentive Program; optimizer/cryogenx4 uncertain, likely need custom pre-approval","No evidence of a non-utility-implementer measured-savings program found; only NIPSCO checked in depth (Duke Indiana and AEP Indiana Michigan Power not independently verified).","2026-09-22","low","https://www.nipsco.com/energy-efficiency/for-your-business","Duke Energy Indiana and AEP Indiana Michigan Power were not checked — a real remaining gap."
"Kansas","KS","not_screened","none confirmed","Evergy (presumed)","unknown","n/a","n/a","n/a","unknown","n/a","n/a","n/a","not assessed","Could not reach Evergy's business efficiency program pages (repeated 404s); no successful fetch this session.","2026-09-22","low","","Kansas has historically had minimal formal ratepayer-funded commercial EE (no EERS/decoupling), consistent with expectation, but this was not independently confirmed. Needs a follow-up pass."
"Kentucky","KY","not_screened","Smart Saver (Duke Energy Kentucky, presumed); LG&E/KU DSM programs (not named)","LG&E/KU, Duke Energy Kentucky","unknown","unknown","unknown","unknown","unknown","unknown","unknown","unknown","not assessed","Duke Energy Kentucky and LG&E/KU program pages returned 403 (blocked); Kentucky PSC homepage had no DSM-specific content surfaced. No substantive content reached.","2026-09-22","low","https://psc.ky.gov/","Needs a direct Kentucky PSC case-record search for LG&E/KU and Duke Energy Kentucky DSM filings."
"Louisiana","LA","not_screened","Entergy Solutions (referenced generically; page fetch failed)","Entergy Louisiana (presumed)","unknown","unknown","unknown","unknown","unknown","unknown","unknown","unknown","not assessed","Fetch of Entergy Louisiana's business save-energy page returned 404 after redirect; not verified this session.","2026-09-22","low","","Entergy Solutions is a known third-party-adjacent EE delivery model in some Entergy jurisdictions historically — worth a dedicated follow-up given Entergy's structure differs from typical Southern IOUs. Genuinely unresolved, not a considered no."
"Massachusetts","MA","no","Mass Save Custom pathway (performance-based rebate up to $0.10/kWh and $1.25/therm for verified/metered energy reductions)","Mass Save Program Administrators (Eversource, National Grid, Unitil), overseen by DPU and the Energy Efficiency Advisory Council (EEAC)","utility-run (standard Mass Save Program Administrator structure)","deemed_with_p4p","not found","customer","unknown","performance-based rebate tied to verified/metered reduction, but paid directly to the customer by the utility Program Administrator","not found","n/a — no non-utility aggregator/implementer track found; a contractor would work through the customer's Mass Save Custom application","n/a under strict archetype D since incentive is paid to the customer by the utility PA, not to an independent implementer; if pursued as an adjacent lead, the Custom pathway's metered-savings basis is measure-agnostic and could in principle admit any of our 5 measures as part of a verified reduction","Mass Save's Custom pathway uses NMEC-like metered verification and pays performance-based rebates, but is delivered directly by the regulated utility Program Administrators, not by an independent non-utility aggregator paid on a portfolio basis — fails the archetype D structural test. The 2025-2027 Energy Efficiency and Decarbonization Plan PDF could not be rendered for direct text search (corrupted/binary content in this tool chain); EEAC minutes were not directly reviewed.","2026-09-22","medium","https://www.masssave.com/business/path-to-savings | https://www.masssave.com/2025-2027-commercial-webinar-overview | https://www.mass.gov/news/dpu-approves-massachusetts-nation-leading-three-year-energy-efficiency-plan | https://ma-eeac.org/plans-updates/","Coordinator specifically flagged MA for deeper digging (NMEC/metered-savings track in the 2025-2027 C&I plan, ma-eeac.org minutes) — searched further but could not access readable EEAC plan/minutes text; recommend a follow-up with direct PDF text extraction or a person reading the EEAC meeting minutes."
"Maryland","MD","not_found","EmPOWER Maryland (five largest electric utilities: BGE, Pepco, Delmarva, Potomac Edison/FirstEnergy, SMECO)","Maryland PSC / individual utilities","utility-run","not found","not found","customer","unknown","n/a — standard utility rebate application; EmPOWER pays up to 85% of commercial HVAC/building upgrade costs as a rebate","customer","n/a — standard utility rebate application","not assessed","Searched but found no evidence of a pay-for-performance, NMEC, or third-party-implementer structure; only general commercial rebate program description found. Maryland PSC regulatory filings not directly reviewed.","2026-09-22","low","https://psc.maryland.gov/regulated-utilities/electricity/energy-efficiency-and-empower-maryland/ | https://www.mdsmartenergy.com/empower-maryland","Inconclusive rather than a confident no — would need direct review of Maryland PSC EmPOWER filings/utility program manuals to rule out a measured-savings custom track."
"Maine","ME","no","Efficiency Maine commercial and industrial energy efficiency programs","Efficiency Maine Trust (non-utility, statewide administrator)","utility(quasi-agency)-run","other","not found","customer","unknown","not found","customer","n/a — standard commercial rebate application through Efficiency Maine","not assessed","No pay-for-performance or NMEC-basis program found; standard deemed/custom rebate structure administered directly by Efficiency Maine.","2026-09-22","medium","https://www.efficiencymaine.com/at-work/","Efficiency Maine is itself a non-utility Trust (like Efficiency Vermont/DCSEU), but no measured-savings implementer-paid track was found for commercial customers."
"Michigan","MI","no","DTE Energy Retro-Commissioning; DTE Strategic Energy Management (SEM); Consumers Energy Large Business Solutions","DTE Energy / Consumers Energy","utility-selected contractor networks","other","not found","customer","unknown","rebate/incentive per program","ratepayer incentive + customer cost share","DTE/Consumers business efficiency contractor networks","rtu_replacement/thermal_barrier plausible under custom/RCx tracks; optimizer/cryogenx4 uncertain","DTE's RCx and SEM programs exist but no evidence found of a non-utility implementer paid directly on metered/NMEC savings in place of the customer's rebate path; DTE's dedicated RCx subpage (404) and MPSC dockets were not reached.","2026-09-22","low","https://www.dteenergy.com/us/en/business/energy-efficiency/getting-started/Specialty-Programs.html | https://www.consumersenergy.com/business/savings-and-energy-solutions/large-business-solutions","Partial coverage only; MPSC docket-level confirmation still needed."
"Minnesota","MN","not_found","Xcel Energy ""Process and Commercial Efficiency"" (custom/prescriptive, >=0.3 GWh or 2,000 Dth conservation-potential threshold); a 2020 MN Dept. of Commerce feasibility study titled ""Commercial Whole-Building Pay for Performance Program Opportunity in Minnesota"" explored a population-NMEC concept","Xcel Energy (live program); Minnesota Department of Commerce (2020 study sponsor)","utility-selected SEM Consultant network for live programs; implementer model for the 2020 P4P study concept unknown","other","Process and Commercial Efficiency requires >=0.3 GWh electric or 2,000 Dth gas conservation potential","customer","unknown","bonus-structured custom/prescriptive rebates for live Xcel programs; payment basis for the 2020 P4P concept unknown/never confirmed adopted","ratepayer-funded incentive, customer covers remainder","Xcel Business Solutions Center for live custom/SEM programs; no live enrollment path found for a P4P/NMEC program","rtu_replacement plausible under Custom/Process Efficiency; optimizer/cryogenx4/solar_thermal/thermal_barrier fit is unconfirmed since no live NMEC track was verified","The 2020 MN Commerce feasibility study on a whole-building Pay-for-Performance program is the single most-flagged lead in this screen, but two rounds of direct searching (2026) found no live, currently-branded ""Pay for Performance"" or NMEC program from Xcel Energy Minnesota — only the standard deemed/custom ""Process and Commercial Efficiency"" track. Whether the 2020 study was ever adopted into a live CIP/ECO portfolio program could not be confirmed.","2026-09-22","low-medium","https://mn.gov/commerce-stat/pdfs/20200831_commercial_wholebuilding_pay_for_performance.pdf | https://mn.my.xcelenergy.com/s/business/cost-savings/process-efficiency | https://www.xcelenergy.com/staticfiles/xe/Marketing/Managed%20Documents/co-mn-bus-process-efficiency-info-sheet.pdf","High-priority follow-up: confirm via a Minnesota PUC CIP filing search whether the 2020 feasibility study concept was ever implemented 2023-2026."
"Missouri","MO","no","Ameren Missouri BizSavers","Ameren Missouri","utility-run with Trade Ally contractor network","other","not found","customer","unknown","cash incentive per equipment upgrade","ratepayer incentive + customer cost share","BizSavers Trade Ally network","rtu_replacement fits; optimizer/cryogenx4/solar_thermal/thermal_barrier do not clearly fit a prescriptive/deemed program","No pay-for-performance/NMEC track found; Evergy Missouri not separately checked.","2026-09-22","low","https://www.ameren.com/missouri/business/energy-efficiency","Evergy (Missouri side) not verified."
"Mississippi","MS","not_screened","none confirmed","unknown","unknown","n/a","n/a","n/a","unknown","n/a","n/a","n/a","not assessed","Not researched this session — WebSearch quota exhausted before this state could be researched.","2026-09-22","low","","Genuinely unresolved. Needs a follow-up pass on Mississippi Power and Entergy Mississippi commercial DSM filings with the Mississippi PSC."
"Montana","MT","not_screened","unknown","NorthWestern Energy (presumed direct)","unknown","unknown","unknown","unknown","unknown","unknown","unknown","unknown","not assessed","Could not verify — guessed URL 404'd; no successful fetch this session.","2026-09-22","low","","Consistent with expectation that Montana's ratepayer-funded EE portfolio is small, but this is an unverified assumption, not a confirmed finding."
"North Carolina","NC","not_screened","Smart Saver (Duke Energy Carolinas/Progress, NC) — referenced only via a joint SC/NC DSM docket","Duke Energy Carolinas / Duke Energy Progress","unknown","unknown","unknown","unknown","unknown","unknown","ratepayer-funded (inferred, same DSM/EE rider structure as SC given joint Duke filings)","unknown","not assessed","Duke's NC-specific program pages returned 403 (blocked); NCUC docket search (efiling.ncuc.gov) was not attempted this session. Only inferred from the SC-side joint Duke DSM/EE docket (2026-57-E), not an NC primary source.","2026-09-22","low","","Genuinely unresolved. Needs a direct NCUC docket search."
"North Dakota","ND","not_screened","none confirmed","unknown","unknown","n/a","n/a","n/a","unknown","n/a","n/a","n/a","not assessed","Not checked this session — no fetches attempted.","2026-09-22","low","","Unresolved."
"Nebraska","NE","not_screened","none confirmed","n/a (public power state — OPPD/NPPD/LES, not PUC-regulated IOUs)","n/a","n/a","n/a","n/a","n/a","n/a","n/a","n/a","not assessed","Not independently verified this session (no fetches completed).","2026-09-22","low","","Nebraska's public-power structure makes a PUC-funded archetype D unlikely by design, but each individual public power utility could run its own EE incentive and this was not checked. Needs direct checks of OPPD, NPPD, and LES commercial program pages."
"New Hampshire","NH","no","NHSaves (joint NH electric and natural gas utilities)","NH utilities collaborative (NHSaves)","utility-run","other","not found","customer","unknown","rebates up to $6,000 on overall improvement costs","ratepayer + customer cost share","n/a — standard commercial rebate application via NHSaves utility partners","not assessed","Standard prescriptive/custom deemed-rebate structure confirmed; no pay-for-performance or NMEC-basis program found.","2026-09-22","medium","https://nhsaves.com/ | https://nhsaves.com/wp-content/uploads/2025/09/DE-23-XXX-NHSaves-2024-2026-Plan.pdf",""
"New Jersey","NJ","no","NJ Clean Energy Program — Pay for Performance (Existing Buildings and New Construction tracks)","NJBPU, with TRC as Market Manager and Applied Energy Group as Program Coordinator; delivered via a network of approved ""Program Partners"" (e.g. Associated Renewable)","utility-selected / open network of pre-approved Program Partners (not a single competitively-selected exclusive implementer)","other","Existing buildings: peak demand >100kW, 15% source-energy reduction target; New construction: buildings >50,000 sq ft, >=5% better than code (15% for multifamily)","customer","unknown","incentive tied to projected/modeled whole-building savings target, paid to the customer — Program Partners are paid by the customer/project for consulting services, not by the program based on measured performance","customer (with Program Partner consulting fees)","Customer engages a pre-approved ""Program Partner"" (e.g. Associated Renewable) to develop and submit the project; a manufacturer/contractor would need to work through or become a listed Program Partner","n/a under strict archetype D since the implementer is not paid on measured savings; if pursued as an adjacent lead, the whole-building nature could admit any of our measures as part of a bundled retrofit","Program is named ""Pay for Performance"" and is active as of 2026, but structurally does not meet the archetype D definition — savings are whole-building modeled/target-based (not NMEC/IPMVP Option C), and the incentive is paid to the customer, not to the implementer.","2026-09-22","medium","https://www.njcleanenergy.com/commercial-industrial/programs/pay-performance/existing-buildings/applications-and-f | https://www.njcleanenergy.com/commercial-industrial/programs/pay-performance/new-construction/participation-steps | http://www.associatedrenewable.com/content/pay-performance-faqs","Close in name to what the client is looking for, but does NOT match archetype D on the key ""implementer paid on measured savings"" criterion."
"New Mexico","NM","not_screened","unknown","PNM / El Paso Electric (unverified)","unknown","unknown","unknown","unknown","unknown","unknown","unknown","unknown","not assessed","Not reached — no fetch attempted this session.","2026-09-22","low","","Needs a follow-up pass through NM PRC dockets and PNM/EPE program pages."
"Nevada","NV","not_screened","unknown","NV Energy (presumed direct)","unknown","unknown","unknown","unknown","unknown","unknown","unknown","unknown","not assessed","Fetched page returned only a header with no substantive content; effectively unscreened.","2026-09-22","low","https://www.nvenergy.com/save-with-powershift/business-programs","Needs a follow-up pass through PUCN dockets and NV Energy's actual commercial program pages."
"New York","NY","no","Business Energy Pro (BEP) — a NYSERDA/Con Edison Pay-for-Performance pilot (2019-2022, Staten Island and Westchester County); no confirmed active commercial successor as of 2026","NYSERDA in partnership with Con Edison (utility)","historical: competitive solicitation — NYSERDA/Con Edison jointly issued an RFP selecting ""Portfolio Managers"" (aggregators/implementers), ~$10M available, 1-3 selected","population_nmec","not found","aggregator (historical BEP pilot; Portfolio Managers paid on NMEC performance)","unknown","historical: measured/metered NMEC savings (CalTRACK methodology via a NYSERDA-designated AMV Solution Provider), paid over time to Portfolio Managers","not found","No open enrollment currently found; BEP was geographically limited (Staten Island, Westchester) and RFP-based, and appears discontinued. NYSERDA's current ""Building Operations & Performance"" page lists only the deemed/cost-share ""On-site Energy Manager Program."" Con Edison's 2025-2026 C&I Energy Efficiency & Building Electrification program materials (under a May 2025 PSC order authorizing ~$1.68B in EE/BE funding for 2026-2030) do not show explicit NMEC/P4P branding; Con Edison's separate Non-Wires Solutions program has Installation + Performance Payments but is a demand-response/non-wires-alternative structure, not a general commercial EE P4P track.","optimizer and cryogenx4 would plausibly have fit BEP (NMEC is measure-agnostic); rtu_replacement and thermal_barrier also fit; solar_thermal likely fits if it reduces metered gas/electric load — but with no confirmed active successor, there is no current enrollment path for any measure","Business Energy Pro pilot concluded around 2022; despite direct searching (NYSERDA's own /bep page, current Building Operations & Performance page, Con Edison C&I materials), no active 2023-2026 statewide or utility-specific commercial successor was found.","2026-09-22","medium","https://www.nyserda.ny.gov/bep | https://www.nyserda.ny.gov/All-Programs/Business-Energy-Pro | https://www.nyserda.ny.gov/PutEnergyToWork/Energy-Program-and-Incentives/Building-Operations-Performance-Programs-Incentives | https://www.coned.com/en/save-money/rebates-incentives-tax-credits/rebates-incentives-tax-credits-for-commercial-industrial-buildings-customers/save-with-energy-efficiency-upgrades | https://nyrej.com/print/40770 | https://www.westchester.org/clean-energy/business-energy-pro/","This is the closest confirmed historical match to archetype D in the Northeast, and the PSC's May 2025 order authorizing a large new 2026-2030 EE/BE portfolio for Con Edison is worth a dedicated follow-up to see whether any NMEC/P4P provisions were embedded in the new program design docs (not located in this pass)."
"Ohio","OH","not_screened","none confirmed","unknown","unknown","n/a","n/a","n/a","unknown","n/a","n/a","n/a","not assessed","Could not verify current program status; AEP Ohio's public page showed only tips/newsletter content, and Duke Energy Ohio / PUCO pages returned 403/404.","2026-09-22","low","https://www.aepohio.com/save/business/","Ohio's 2019 HB 6 rollback of utility EE mandates is well-documented background context that materially shrank ratepayer-funded commercial EE in Ohio, but current (2025-2026) status was not confirmed directly this session — needs a follow-up via PUCO docket search."
"Oklahoma","OK","not_screened","SCORE (referenced by name only; OG&E page fetch returned no program content)","OG&E / PSO (AEP Oklahoma) — presumed","unknown","unknown","unknown","unknown","unknown","unknown","unknown","unknown","not assessed","Could not reach substantive SCORE program content this session.","2026-09-22","low","","Needs a follow-up including Oklahoma Corporation Commission dockets for OG&E/PSO SCORE program design."
"Oregon","OR","no","Custom Upgrades; Energy Performance Management / Strategic Energy Management (SEM); Production Efficiency (industrial)","Energy Trust of Oregon (a non-utility, ratepayer-funded third-party administrator for PGE/Pacific Power/NW Natural/Cascade Natural Gas territories)","open enrollment (trade ally network)","deemed_with_p4p","not specified","customer","unknown","Custom Upgrades pays $0.45/kWh and $5/therm of estimated annual savings, paid to the customer; SEM pays for completed actions, not metered results","customer, via trade ally contractor","Become an Energy Trust ""trade ally"" contractor, or work through the customer's own contractor with Energy Trust pre-approval","rtu_replacement and thermal_barrier fit well under Custom Upgrades' ""equipment not on standard list still eligible"" language, subject to energy-advisor pre-approval; solar_thermal likely fits under Solar for Business; optimizer and cryogenx4 would need individual pre-qualification as non-standard custom measures, not auto-admitted the way a true NMEC program would allow, because Custom Upgrades pays on deemed/estimated savings, not metered results","Live, active program, but does not appear to be archetype D: a site search on energytrust.org for ""Pay for Performance"" returned only a Residential Pay for Performance Pilot Evaluation document, no live commercial P4P/NMEC program.","2026-09-22","medium","https://www.energytrust.org/commercial/existing-buildings/ | https://www.energytrust.org/incentives/commercial-existing-buildings-custom/ | https://www.energytrust.org/commercial/existing-buildings/energy-performance-management/ | https://www.energytrust.org/commercial/existing-buildings/energy-performance-management/strategic-energy-management/","Energy Trust is structurally a non-utility administrator (like DCSEU/Efficiency Maine/Hawaii Energy), but its commercial existing-buildings track pays deemed/estimated savings to the customer, not implementer-paid metered savings."
"Pennsylvania","PA","pilot","Act 129 Phase V Energy Efficiency & Conservation (EE&C) Plans, delivered via Electric Distribution Company (EDC)-selected Conservation Service Providers (CSPs); custom-measure savings calculated at the meter per the PA TRM","PA PUC oversees; each EDC (PECO, PPL, Duquesne Light, FirstEnergy PA companies) competitively selects its own CSPs","competitive solicitation — CSPs are non-utility entities (""no direct/indirect ownership, partnership or affiliated interest with an EDC"") that EDCs select and register to design/administer/manage EE&C plans","deemed_with_p4p","not found","unknown — CSPs are compensated per their individual EDC contracts, not publicly standardized; portfolio-level EDC performance targets exist but per-project CSP payment structure not confirmed","unknown","unknown in detail; the 2026 TRM calculates custom-project energy/demand savings at the customer meter, and EDC CSPs plus evaluation contractors produce savings estimates at that meter level, but this appeared to be largely a one-time engineering-verified calculation rather than an ongoing multi-year NMEC/metered-payment stream","ratepayer-funded via EDC cost recovery","Register as (or subcontract under) an EDC's registered Conservation Service Provider — CSP registration is required for entities providing consultation/design/admin/advisory services, but NOT required for entities that limit their role to installing measures or supplying equipment/materials","rtu_replacement and thermal_barrier fit standard Act 129 measure categories; optimizer and cryogenx4 would need custom-measure treatment with meter-level savings calculation, plausible under the custom-project process but not guaranteed; solar_thermal uncertain","Genuine partial/adjacent match: Act 129 uses real, PUC-registered non-utility CSPs (a third-party-implementer structure) and calculates custom-project savings at the meter, but I could not confirm CSP compensation is tied to ongoing measured/NMEC savings (vs. a fixed program-delivery contract) — this is the key open question that determines whether PA is a true archetype D match.","2026-09-22","low","https://www.puc.pa.gov/filing-resources/issues-laws-regulations/act-129/conservation-service-providers/ | https://www.puc.pa.gov/media/3317/phasev_act129_eepdr_mps_stakeholder_meeting_presentation_020425.pdf | https://www.puc.pa.gov/filing-resources/issues-laws-regulations/act-129/","Flagged by the coordinator specifically (""Act 129 Phase V CSP structure"") as a priority; recorded as pilot/partial rather than yes because CSP compensation mechanics (measured-savings-based vs. fixed-fee) could not be confirmed from public PUC materials reached this session — needs a follow-up reading of a specific EDC's CSP contract or Phase V implementation order."
"Rhode Island","RI","not_found","Rhode Island Energy (National Grid successor) commercial custom incentive programs","Rhode Island Energy, overseen by RI Office of Energy Resources / RI PUC","utility-run","not found","not found","n/a","unknown","not found","not found","n/a","not assessed","Only one search completed before regional search budget was exhausted; custom incentives (up to 50% of equipment cost) appear to be a standard engineering-calculated program, not NMEC/implementer-paid, but this is not confirmed with primary-source depth.","2026-09-22","low","https://www.rienergy.com/RI-Business/Energy-Saving-Programs/ | https://energy.ri.gov/incentives","Under-searched; needs a follow-up at RI PUC docket level."
"South Carolina","SC","no","DSM/EE Rider 18 (Duke Energy Carolinas); DSM/EE cost-recovery mechanisms (Duke Energy Progress); Small Business Incentives, Large Business Services (Dominion Energy South Carolina)","Duke Energy Carolinas / Duke Energy Progress / Dominion Energy South Carolina (utility-administered)","utility-selected (no open/competitive third-party implementer solicitation found for a commercial measured-savings track)","n/a","not found","customer (utility pays customer rebates; the utility itself earns a shared-savings performance incentive of ~10.6% under its DSM/EE rider — a utility-shareholder incentive, not a third-party-implementer payment)","unknown","deemed/program-cost recovery + utility shared-savings incentive","ratepayer-funded via DSM/EE rider","n/a — no third-party aggregator track identified","n/a — program is deemed-measure/rebate-based; optimizer and cryogenx4 would likely need pre-approval as custom/non-standard measures under the utility's own process, not a third-party NMEC pathway","SC Code Ann. Section 58-37-20(D)/(E) requires utility DSM/EE reporting and triennial PSC review of utility-run portfolios; Section 58-37-20(C) authorizes a commission-ordered third-party administrator only for RESIDENTIAL low-income EE if a utility fails its obligations — no statutory or docket basis found for a commercial measured-savings/NMEC third-party implementer program. SC PSC Docket 2026-28-A implements new Act No. 41 of 2025 DSM provisions; Docket 2026-57-E is DEC/DEP's joint DSM/EE mechanism review.","2026-09-22","medium","https://www.scstatehouse.gov/code/t58c037.php | https://dms.psc.sc.gov/Web/Dockets/FindByOrganization?Name=Duke+Energy+Carolinas%2C+LLC | https://dms.psc.sc.gov/Web/Dockets/Detail/119395","Client's home state. Act 41 (2025) is brand new and could still create new DSM structures not yet visible in older filings — recommend a follow-up pulling the full EE/DSM Stipulation filed 11/11/2025 in Docket 2025-172-E and the Act 41 rulemaking record in Docket 2026-28-A."
"South Dakota","SD","not_screened","none confirmed","unknown","unknown","n/a","n/a","n/a","unknown","n/a","n/a","n/a","not assessed","Not checked this session — no fetches attempted.","2026-09-22","low","","Unresolved."
"Tennessee","TN","no","EnergyRight Business (TVA)","TVA, in coordination with local power companies (LPCs)","TVA operates a ""Preferred Partners Network"" of vetted contractors, described as implementation partners, not fee-for-service aggregators paid on measured savings","n/a","not found","customer (via TVA + local power company)","unknown","standard incentive/rebate model, equipment-category based (HVAC, LED lighting, refrigeration)","TVA/LPC-funded incentives","Join TVA's Preferred Partners Network as a contractor","n/a — deemed/equipment-category program, would likely exclude the optimizer and cryogenx4 as non-standard measures","No archetype-D structure found; TVA runs EnergyRight directly rather than via a paid-on-measured-savings non-utility implementer.","2026-09-22","medium","https://energyright.com/business/","Individual municipal/co-op local power companies (a large universe in TN) were not checked individually — low likelihood but not exhaustively ruled out."
"Texas","TX","pilot","Commercial Standard Offer Program (CSOP) — Oncor, AEP Texas, CenterPoint, and other ERCOT Transmission & Distribution Utilities (TDUs)","TDUs, per PUCT Rule 25.181 (TDUs are barred from delivering EE directly and must contract through third-party ""service providers""/project sponsors)","open enrollment — any registered service provider/project sponsor can enroll via the specific TDU's contractor portal (not a limited-slot competitive solicitation)","other","Oncor: $500 minimum incentive for Deemed-Savings projects, $10,000 minimum for M&V-track projects (AEP Texas threshold not found)","either — AEP Texas confirms incentives can be paid to the applicant (service provider) or the customer","yes (implied by the payment-to-applicant option; the service provider is commonly the payee)","fixed $/kW and $/kWh saved (deemed pricing) for the measure's estimated useful life; the Full M&V track ties payment to verified savings from the participant's own M&V plan","ratepayer-funded (EE surcharge), delivered via TDU to service provider/customer","Register as a ""service provider"" through the specific TDU's online contractor portal (e.g. aeptxsaves.com), submit Program Registration + Project Application with equipment/manufacturer documentation","Full M&V track is the plausible entry point for optimizer and cryogenx4 (non-standard/custom measures needing measured verification); rtu_replacement and thermal_barrier likely fit the Deemed track's predefined HVAC/envelope categories directly; solar_thermal not clearly listed as an eligible category","Confirmed active program (2025 manuals in hand; 2026 program year referenced, rollover deadline May 31, 2026). Strongest lead in the South region, but not a clean archetype-D match: it's utility(TDU)-administered rather than an independent non-utility aggregator running M&V and taking a savings-based fee across a portfolio, and the primary payment mode is deemed $/kWh, not population-level NMEC; the Full M&V track is the closest analog but was not confirmed as multi-year normalized/regression-based metering.","2026-09-22","medium","https://aeptxsaves.com/commercial-programs/commercial-standard-offer/ | https://interchange.puc.texas.gov/Documents/59166_6_1614652.PDF","Follow-up needed: successfully fetch the full Oncor 2025/2026 CSOP Program Manual (repeated timeouts) and full text of PUCT Rule 25.181 to confirm M&V methodology and assignment language precisely; also check whether any ERCOT TDU runs a distinct multi-year NMEC pay-for-performance pilot beyond standard CSOP."
"Utah","UT","not_screened","wattsmart Business (Rocky Mountain Power); Dominion Energy Utah DSM (unverified detail)","Rocky Mountain Power (presumed direct)","unknown","unknown","unknown","unknown","unknown","unknown","unknown","unknown","not assessed","Both guessed URLs 404'd; no successful fetch this session.","2026-09-22","low","","wattsmart Business is a real, known RMP commercial program, but its live pages and Utah PSC dockets could not be reached this session. Needs follow-up."
"Virginia","VA","not_found","Dominion Energy Virginia DSM programs (2024 DSM Application and biennial filings)","Dominion Energy Virginia, filings reviewed by the Virginia SCC","utility-run","not found","not found","customer","unknown","not found","not found","n/a — DNV (formerly DNV GL) is Dominion's third-party EM&V (evaluation, measurement & verification) vendor — an evaluator, not a paid implementer/aggregator","not assessed","The VCEA removed the automatic EE-program exemption for large commercial/industrial customers, broadening who participates, but no pay-for-performance/NMEC/third-party-implementer mechanism was confirmed; Dominion's 2024 DSM Application PDF and SCC docket filings were not deep-dived this session.","2026-09-22","low","https://www.scc.virginia.gov/media/sccvirginiagov-home/regulated-industries/utility-regulation/responsibilities/2025-scc-energy-efficiency-report.pdf | https://www.dominionenergy.com/-/media/content/save-energy/x-pdfs/global/key-documents/2024-dsm-application.pdf","Inconclusive rather than a confident no; needs a direct read of Dominion's 2024 DSM Application and any 2025-2026 biennial review order for program design detail."
"Vermont","VT","no","Efficiency Vermont standard commercial prescriptive/custom rebate programs","Efficiency Vermont (an independent, non-utility contractor operating under a multi-year, performance-based contract with Vermont's Public Utility Commission/Public Service Board)","n/a — sole statewide non-utility administrator, not an open marketplace of competing implementers","other","not found","customer","unknown","standard prescriptive/custom rebate paid to the customer; Efficiency Vermont itself is paid via its own statewide performance contract (savings/BTU targets), not per-project NMEC pass-through","customer","n/a — no project-level implementer/aggregator enrollment path found; a contractor would work through Efficiency Vermont's standard commercial rebate process on behalf of a customer","rtu_replacement and thermal_barrier plausible under standard custom rebates; optimizer/cryogenx4/solar_thermal would need individual pre-approval as non-standard measures","Efficiency Vermont is structurally a non-utility, performance-contracted statewide administrator (same family as DCSEU/Hawaii Energy/Energy Trust of Oregon), but its retail commercial programs are standard prescriptive/custom rebates paid to the customer, not a project-level NMEC pay-for-performance structure passed through to an implementer.","2026-09-22","medium","",""
"Washington","WA","no","PSE Pay for Performance; Avista Pay for Performance; PSE/Avista Site-Specific (Custom) programs; PSE Strategic Energy Management / Industrial System Optimization Program; (adjacent, industrial-only) BPA Energy Smart Industrial (ESI), implemented under contract by Cascade Energy","Puget Sound Energy (directly); Avista (directly); BPA/Cascade Energy for the separate industrial ESI program","utility-selected (direct utility administration for PSE/Avista P4P; BPA's ESI is delivered under an implementation-services contract with Cascade Energy, a genuine non-utility third party, though functioning as a program-design/delivery contractor rather than a savings-paid aggregator)","site_nmec","PSE: 2+ capital measures totaling >=15% whole-building savings; Avista: not fully specified in sources reviewed","customer/building owner (PSE and Avista P4P); BPA ESI's Custom Project Incentive also pays the industrial end user, up to 25 cents/kWh and up to 70% of project cost, with Cascade Energy providing M&V/SEM services under contract to BPA rather than being paid on the customer's measured savings itself","unknown — not addressed on either utility's public pages","PSE: $0.45/kWh + $8.00/therm saved, implementation payment (up to 5% of baseline consumption) plus Year-1 and Year-2 performance payments; Avista: $0.08/kWh + $1.25/therm saved, three-year term with annual payments","customer","Customer (or their contractor, acting as agent, not as a paid program implementer) applies directly to PSE/Avista before project start; for BPA ESI, contact Cascade Energy as the program's industrial delivery contractor","measure-agnostic in principle for PSE/Avista P4P (whole-building, bundling capital/O&M/behavioral measures) — optimizer, cryogenx4, rtu_replacement, thermal_barrier, and solar_thermal could all plausibly count toward the metered whole-building savings total; but since the incentive goes to the customer, not an aggregator, this isn't a channel where Energy Plus gets paid directly","Live, real NMEC-basis programs (PSE/Avista) — the closest match in the region to the archetype's M&V mechanics — but fail the ""non-utility implementer paid directly, replacing the customer's rebate application"" structural test since both are utility-administered end-to-end and pay the customer. BPA's Energy Smart Industrial program (via Cascade Energy) is a related but distinct, industrial-only structure and was not confirmed to pay Cascade on a per-customer measured-savings basis rather than a program-delivery services contract.","2026-09-22","medium-high","https://www.pse.com/business-incentives/commercial-retrofit-grants/pay-for-performance | https://www.myavista.com/energy-savings/energy-saving-programs-services-for-your-business/rebates-washington | https://www.bpa.gov/energy-and-services/conservation/industrial/esi-program | https://cascadeenergy.com/news/cascade-celebrates-15-years-of-energy-savings-with-bpa/","BPA/NEEA's Energy Smart Industrial program (delivered by Cascade Energy) is worth a dedicated follow-up as the most likely place in the Pacific Northwest to find a genuine archetype-D payment structure, but it is scoped to INDUSTRIAL facilities, not general commercial buildings, so its fit for Energy Plus's HVAC-focused commercial measures is uncertain even if the payment structure were confirmed."
"Wisconsin","WI","no","Focus on Energy — Equipment Replacement, Custom Incentives, Operations & Maintenance","Focus on Energy (statewide, contractor-administered on behalf of Wisconsin utilities)","n/a — standard rebate program","other","not found","customer","unknown","rebate per measure","ratepayer rebate + customer cost share","Focus on Energy Trade Ally Contractor network","rtu_replacement fits Custom Incentives; optimizer/cryogenx4 likely excluded as non-standard measures under a deemed program","No measured-savings/NMEC pay-for-performance track identified.","2026-09-22","low","https://focusonenergy.com/business","Single shallow fetch; not independently cross-checked against a PSC filing."
"West Virginia","WV","no","Mon Power/Potomac Edison and Appalachian Power commercial/industrial prescriptive incentive programs (minimal — 2 C&I programs cited for Appalachian Power)","Mon Power / Potomac Edison (FirstEnergy); Appalachian Power (AEP)","utility-run","other","not found","customer","unknown","prescriptive incentive per measure","ratepayer incentive + customer cost share","n/a — standard commercial rebate application","not assessed","West Virginia has only minimal, prescriptive commercial/industrial incentive offerings confirmed; no pay-for-performance, NMEC, or third-party-implementer structure found.","2026-09-22","medium","https://www.appalachianpower.com/company/news/view?ReleaseID=2443 | https://database.aceee.org/state/west-virginia",""
"Wyoming","WY","not_screened","none identified","n/a","n/a","n/a","n/a","n/a","n/a","n/a","n/a","n/a","not assessed","Not investigated this session (no fetches attempted).","2026-09-22","low","","Consistent with the expectation of minimal/no ratepayer-funded EE in Wyoming, but this is an unverified assumption, not a researched finding."
