"state","abbrev","iso_rto","wholesale_dr_programs","wholesale_payment_basis","wholesale_min_kw","utility_dr_programs","utility_dr_payment","utility_dr_min_kw","aggregators_active","verified_on","confidence","sources","notes"
"Alabama","AL","none","n/a - vertically integrated, no organized wholesale market","n/a","n/a","Alabama Power large C&I interruptible/curtailable tariffs (rate schedules, not a branded DR program)","not published","not published","not published (no evidence of Voltus/CPower/Enel X active programs found)","2026-09-22","low","https://www.alabamapower.com","No wholesale DR path; only route to value is utility interruptible-rate tariffs. Needs direct utility tariff pull."
"Alaska","AK","none","n/a - isolated grids, no ISO/RTO","n/a","n/a","not published","not published","not published","not published","2026-09-22","low","n/a","No commercial aggregator presence found; isolated utility grids (Railbelt etc.). Deprioritize."
"Arizona","AZ","none","n/a - vertically integrated, no organized wholesale market","n/a","n/a","Salt River Project (SRP) Summer Demand Response Program (business/C&I, via Enel X); Arizona Public Service (APS) has C&I demand-side programs","not published - SRP/Enel X program is incentive payments for targeted peak reduction, exact $/kW not published in sources found","not published","Enel X (active with SRP)","2026-09-22","medium","https://www.enelnorthamerica.com/solutions/energy-solutions/demand-response/salt-river-project-demand-response|https://www.srpnet.com/","SRP-Enel X partnership confirmed active 2026; APS-specific C&I DR payment not confirmed."
"Arkansas","AR","MISO","MISO Load Modifying Resource (LMR); MISO Demand Response Resource (energy, day-ahead/real-time)","$/kW-yr capacity via MISO Planning Resource Auction; rate not consistently published, varies by Local Resource Zone","not published (aggregator-dependent, typically 50-100 kW per site)","Entergy Arkansas C&I curtailable tariffs","not published","not published","Voltus (MISO-wide); CPower (MISO)","2026-09-22","medium","https://www.voltus.co/|https://cpowerenergy.com/miso/","AR is in MISO South; several MISO states restrict retail aggregation into wholesale (opt-out states) - AR status not separately confirmed, flagged unresolved."
"California","CA","CAISO","CAISO Proxy Demand Resource (PDR); utility-run DRAM (Demand Response Auction Mechanism) feeding CAISO market","Capacity paid via annual DRAM/RA auction ($/kW-yr, varies); energy/event payments cited at roughly $50-200/MWh for peak curtailment","not published (DRAM auction sets aggregate blocks, not a fixed per-site minimum)","PG&E, SCE, SDG&E business demand response programs (Base Interruptible Program, Capacity Bidding Program, etc.)","not published - recurring capacity payment plus event performance payment per CPUC-monitored program; exact current $/kW not found","not published","Voltus; CPower; Enel X (all three explicitly active in CA per CPUC DRAM structure)","2026-09-22","medium","https://www.pge.com/en/save-energy-and-money/energy-saving-programs/demand-response-programs/business-programs.html|https://www.cpuc.ca.gov/industries-and-topics/electrical-energy/electric-costs/demand-response-dr/dr-provided-by-utilities/demand-response-monthly-reports|https://www.enelnorthamerica.com/solutions/energy-solutions/demand-response/california-demand-response","Largest, most mature C&I DR market of the three IOUs; exact current $/kW rates require CPUC advice letter pull (unresolved)."
"Colorado","CO","none (SPP transition pending)","Xcel Energy Colorado has been moving toward SPP RTO West / Markets+ participation but is not a full SPP wholesale DR member as of 2026","not published","not published","Xcel Energy Colorado Interruptible Service Option Credit (ISOC); Peak Partner Rewards","not published - credits described as thousands of dollars annually, no fixed $/kW figure found","not published","not published (no confirmed aggregator activity found for CO specifically)","2026-09-22","low","https://www.xcelenergy.com/Company/Rates_and_Regulations/Filings/Colorado_Demand-Side_Management|https://www.xcelenergy.com/staticfiles/xe-responsive/Programs%20and%20Rebates/Business/CO-Peak-Partner-Rewards-info-sheet.pdf","CO's wholesale market status is in flux (SPP integration); needs re-check closer to any RTO West go-live date."
"Connecticut","CT","ISO-NE","ISO-NE Demand Response Resources (DRR) via Forward Capacity Market (FCM)","$/kW-month via FCM auction, varies by auction year","not published (aggregator-dependent)","Eversource, United Illuminating C&I demand response; Enel X 'Daily Dispatch' program active in CT","not published","not published","CPower; Enel X (Daily Dispatch confirmed active in CT)","2026-09-22","medium","https://www.enelnorthamerica.com/solutions/energy-solutions/demand-response/new-england-demand-response|https://cpowerenergy.com/new-england-energy-market/","Daily Dispatch cited as 'very lucrative' utility program; exact payment not published in sources found."
"Delaware","DE","PJM","PJM Emergency Load Response Program (ELRP); PJM Economic Load Response","2026/2027 PJM Base Residual Auction cleared near system cap, ~$120,000/MW-yr (~$120/kW-yr) capacity; Economic LR paid at day-ahead/real-time LMP","not published (aggregator-dependent, typically 50-100 kW per site)","Delmarva Power C&I demand response/curtailment tariffs","not published","not published","Voltus; CPower (both active PJM-wide)","2026-09-22","medium","https://www.pjm.com/-/media/DotCom/about-pjm/newsroom/fact-sheets/demand-response-fact-sheet.pdf|https://kilowattlogic.com/demand-response","PJM wholesale figure is PJM-system-wide, not DE-specific; DE-specific utility program not separately verified."
"District of Columbia","DC","PJM","PJM Emergency Load Response Program (ELRP); PJM Economic Load Response","Same PJM-wide basis as other PJM states, ~$120/kW-yr capacity (2026/2027 BRA)","not published","Pepco (DC) C&I demand response programs","not published","not published","Voltus; CPower (PJM-wide)","2026-09-22","low","https://www.pjm.com/-/media/DotCom/about-pjm/newsroom/fact-sheets/demand-response-fact-sheet.pdf","Pepco DC-specific program terms not separately verified; treat as PJM default pending direct utility pull."
"Florida","FL","none","n/a - vertically integrated, no organized wholesale market","n/a","n/a","Florida Power & Light (FPL) and Duke Energy Florida offer C&I demand-side / interruptible rate programs; no branded aggregator-facing DR program confirmed","not published","not published","not published (no confirmed Voltus/CPower/Enel X program specifically for FL C&I found)","2026-09-22","low","https://news.duke-energy.com/releases/duke-energy-florida-announces-significantly-lower-bills-in-2026-residential-customers-using-1-000-kwh-to-see-approximately-44-decrease-beginning-in-march","FL has no ISO/RTO and searches surfaced only residential/rate-reduction news, not a clear C&I DR aggregator path; flagged unresolved."
"Georgia","GA","none","n/a - vertically integrated, no organized wholesale market","n/a","n/a","Georgia Power Curtailable Load Program (CL-1) - min 200 kW curtailable, signed CL Customer Agreement, 30-min notice","Customized monthly credit based on hourly firm load and curtailment ability during system peak; exact $/kW not published","200 kW minimum","not published (no confirmed third-party aggregator activity found for GA)","2026-09-22","medium","https://www.georgiapower.com/business/products-programs/business-solutions/resiliency.html","CL-1 program confirmed and well-suited to a compressor-cycling optimizer asset; 200kW minimum is a real threshold to check against target customer size."
"Hawaii","HI","none","n/a - isolated island grids, no ISO/RTO","n/a","n/a","Hawaiian Electric has grid services / demand response programs (mostly DER/battery-focused)","not published","not published","not published","2026-09-22","low","n/a","Not researched in depth; low priority given isolated grid and DER/solar focus rather than HVAC cycling."
"Idaho","ID","none","n/a - vertically integrated, no organized wholesale market","n/a","n/a","Idaho Power C&I demand response (irrigation/large power interruptible programs, largely agricultural)","not published","not published","not published","2026-09-22","low","n/a","Not researched in depth; Idaho Power DR historically agricultural-irrigation focused rather than commercial HVAC."
"Illinois","IL","PJM (ComEd, northern IL) / MISO (Ameren Illinois, southern IL)","PJM ELRP/Economic LR (ComEd territory); MISO LMR (Ameren IL territory)","PJM ~$120/kW-yr capacity (2026/2027 BRA); MISO capacity basis not consistently published","not published","ComEd and Ameren Illinois demand response programs; Illinois Large Customer Self-Direct Program credits: $0.00053/kWh (ComEd), $0.00047/kWh (Ameren) for 2026-2027","ComEd/Ameren Self-Direct credits as above; other DR programs not published","not published","Voltus; CPower; Enel X (Enel X has bilateral Ameren Illinois program)","2026-09-22","medium","https://ipa.illinois.gov/announcements/illinois-commerce-commission-approves-2026-2027-credit-amounts-f.html|https://illinoiscommercialenergy.com/resources/demand-side-management-programs-illinois/","IL is split between PJM (ComEd) and MISO (Ameren) - rare dual-ISO state, note in eligibility screening by utility territory."
"Indiana","IN","MISO (most) / PJM (small northern sliver)","MISO LMR (most of state); PJM ELRP (small NIPSCO/AEP Indiana Michigan Power area)","MISO capacity basis not consistently published; PJM ~$120/kW-yr where applicable","not published","CenterPoint Energy Indiana has an Enel X bilateral demand response program","not published","not published","Enel X (CenterPoint Indiana bilateral program confirmed); Voltus, CPower (MISO-wide)","2026-09-22","medium","https://www.enelnorthamerica.com/solutions/energy-solutions/demand-response/miso-demand-response","IN spans two ISO footprints; most C&I DR activity in MISO territory via CenterPoint/Enel X."
"Iowa","IA","MISO","MISO LMR; MISO Demand Response Resource (energy)","Capacity basis not consistently published","not published","MidAmerican Energy, Alliant Energy C&I interruptible programs","not published","not published","Voltus; CPower (MISO-wide)","2026-09-22","low","https://www.voltus.co/","Not independently verified beyond MISO-wide footprint; utility-specific program terms unresolved."
"Kansas","KS","SPP","SPP Demand Response (limited - ~1% of SPP peak demand is dispatchable DR; FERC Order 2222 aggregation still developing)","not published - SPP DR market is underdeveloped relative to PJM/MISO/ISO-NE","not published","Evergy (KS) C&I demand response/interruptible programs","not published","not published","Voltus (first registered SPP demand response services provider)","2026-09-22","medium","https://www.utilitydive.com/news/southwest-power-pool-registers-voltus-as-first-demand-response-services-pro/568853/","SPP wholesale DR is real but small (~800 MW dispatchable across 17-state footprint, ~1% of peak) - manage expectations on revenue size."
"Kentucky","KY","mostly none (vertically integrated) / small PJM sliver","PJM ELRP in small eastern KY PJM footprint; otherwise none","PJM ~$120/kW-yr where applicable; otherwise n/a","not published","LG&E and KU (Louisville Gas & Electric / Kentucky Utilities) C&I curtailable service tariffs","not published","not published","not published","2026-09-22","low","n/a","Mostly vertically integrated (TVA-adjacent in western KY); not independently researched beyond general footprint."
"Louisiana","LA","MISO","MISO LMR; MISO Demand Response Resource (energy)","Capacity basis not consistently published","not published","Entergy Louisiana has an Enel X bilateral demand response program","not published","not published","Enel X (Entergy Louisiana bilateral program confirmed); Voltus, CPower (MISO-wide)","2026-09-22","medium","https://www.enelnorthamerica.com/solutions/energy-solutions/demand-response/miso-demand-response","Entergy Louisiana / Enel X bilateral program is the clearest confirmed path in LA."
"Maine","ME","ISO-NE","ISO-NE Demand Response Resources (DRR) via Forward Capacity Market (FCM)","$/kW-month via FCM auction, varies by auction year","not published","Central Maine Power and Versant Power 'Demand Management Program - Demand Response Initiative' (via CPower)","not published","not published","CPower (confirmed active with CMP and Versant)","2026-09-22","medium","https://cpowerenergy.com/new-england-energy-market/","CPower explicitly named as working with both major Maine utilities."
"Maryland","MD","PJM","PJM Emergency Load Response Program (ELRP); PJM Economic Load Response","~$120/kW-yr capacity (2026/2027 BRA); Economic LR at day-ahead/real-time LMP","not published (aggregator-dependent, typically 50-100 kW per site)","BGE, Pepco, Delmarva Power C&I demand response/curtailment tariffs","not published","not published","Voltus; CPower (PJM-wide)","2026-09-22","medium","https://www.pjm.com/-/media/DotCom/about-pjm/newsroom/fact-sheets/demand-response-fact-sheet.pdf","MD is also a BPS state (see compliance-drivers.csv) - double relevance for Energy Plus."
"Massachusetts","MA","ISO-NE","ISO-NE Demand Response Resources (DRR) via Forward Capacity Market (FCM)","$/kW-month via FCM auction, varies by auction year","not published","National Grid, Eversource, Unitil 'Daily Dispatch' demand response program (cited as lucrative, via Enel X/CPower)","not published","not published","CPower; Enel X (Daily Dispatch confirmed active in MA)","2026-09-22","medium","https://www.enelnorthamerica.com/solutions/energy-solutions/demand-response/new-england-demand-response|https://cpowerenergy.com/new-england-energy-market/","Boston BERDO compliance overlap (see compliance-drivers.csv) makes MA a priority combined target."
"Michigan","MI","MISO (most) / PJM (small)","MISO LMR (most of state, DTE/Consumers territory); small PJM sliver (Indiana Michigan Power area)","Capacity basis not consistently published for MISO; PJM ~$120/kW-yr where applicable","1 MW+ typical minimum cited for CPower-enrolled Consumers/DTE customers","DTE Energy and Consumers Energy commercial demand response (via CPower); curtailment up to 16 events/yr (5 summer, 5 winter, 3 each shoulder season), 4-hr events","not published - 'capacity payment incentives vary year-over-year' per DTE","1 MW+ (per CPower enrollment reference; smaller sites likely aggregated)","CPower (explicitly active with DTE and Consumers Energy, 1MW+ threshold cited)","2026-09-22","medium","https://mimfg.org/portals/0/documents/services/enstar_cpower-miso_demand-response.pdf|https://www.dteenergy.com/us/en/business/service-request/pricing/demand-response.html","1MW minimum cited may be aggregator's preferred site size, not a hard program floor - worth direct confirmation for smaller Energy Plus customers via aggregation."
"Minnesota","MN","MISO","MISO LMR; MISO Demand Response Resource (energy)","Capacity basis not consistently published","not published","Xcel Energy Minnesota interruptible tariffs (cited as single largest peak-cost-mitigation lever for large industrial operators)","not published","not published","Voltus; CPower (MISO-wide)","2026-09-22","medium","https://kilowattlogic.com/news/minnesota-xcel-energy-industrial-rates-2026","MN previously restricted aggregator bundling into MISO wholesale market (per FERC Order 2222 dispute history) - opt-out status not reconfirmed for 2026, flagged unresolved."
"Mississippi","MS","MISO (Entergy Mississippi) / mostly non-ISO elsewhere","MISO LMR (Entergy MS territory only)","Capacity basis not consistently published","not published","Entergy Mississippi, Mississippi Power C&I curtailable tariffs","not published","not published","not published","2026-09-22","low","n/a","Split footprint (Entergy MS in MISO, Mississippi Power/Southern Co vertically integrated); not independently verified."
"Missouri","MO","MISO (Ameren Missouri, most) / SPP (small western sliver, KCP&L/Evergy)","MISO LMR (Ameren MO); SPP DR (Evergy Missouri West)","Capacity basis not consistently published for either","not published","Ameren Missouri C&I demand response (Enel X bilateral program confirmed)","not published","not published","Enel X (Ameren Missouri bilateral program confirmed); Voltus, CPower (MISO-wide)","2026-09-22","medium","https://www.enelnorthamerica.com/solutions/energy-solutions/demand-response/miso-demand-response","MO split between MISO and SPP depending on utility service territory (Ameren vs. Evergy)."
"Montana","MT","mostly none (vertically integrated) / small MISO and SPP slivers","MISO LMR / SPP DR in small border areas only","not published","not published","Montana-Dakota Utilities Commercial Demand Response Program (serves MT/ND/SD, via CPower)","not published","not published","CPower (Montana-Dakota Utilities program confirmed active)","2026-09-22","medium","https://cpowerenergy.com/","CPower's MT-ND-SD tri-state program is the clearest confirmed path for this state."
"Nebraska","NE","SPP","SPP Demand Response (limited, ~1% of peak dispatchable across footprint)","not published","not published","Nebraska Public Power District, Omaha Public Power District C&I interruptible tariffs","not published","not published","Voltus (SPP)","2026-09-22","low","https://www.utilitydive.com/news/southwest-power-pool-registers-voltus-as-first-demand-response-services-pro/568853/","NE utilities are public power (NPPD/OPPD) - municipal/public power structure may affect aggregator access; unresolved."
"Nevada","NV","none","n/a - vertically integrated, no organized wholesale market","n/a","n/a","NV Energy new Energy Grid Services and Capacity Grid Services riders (performance-based DER/DR credit programs, approved ~August 2026)","New programs - payments for dispatched energy at hourly market pricing and load reduction based on avoided cost of generation/transmission; exact $/kW not yet published (program is new)","not published","not published (new program, aggregator participation not yet confirmed)","2026-09-22","medium","https://www.utilitydive.com/news/nevada-misses-an-opportunity-in-performance-based-der-tariffs-advocate/828836/|https://www.nvenergy.com/save-with-powershift/business-energy-services/commercial-incentives","NV Energy's new 2026 DR/DER riders are very recent - re-check in 6 months as rates get published."
"New Hampshire","NH","ISO-NE","ISO-NE Demand Response Resources (DRR) via Forward Capacity Market (FCM)","$/kW-month via FCM auction, varies by auction year","not published","Eversource, Unitil (NH) demand response programs","not published","not published","CPower; Enel X (New England-wide)","2026-09-22","low","https://www.enelnorthamerica.com/solutions/energy-solutions/demand-response/new-england-demand-response","Not independently verified beyond ISO-NE-wide footprint."
"New Jersey","NJ","PJM","PJM Emergency Load Response Program (ELRP); PJM Economic Load Response","~$120/kW-yr capacity (2026/2027 BRA); Economic LR at day-ahead/real-time LMP","not published (aggregator-dependent, typically 50-100 kW per site)","PSE&G Commercial Demand Load Management (CDLM) / FlexPower / SmartFlex demand response programs","not published - described as 'earn rewards' bill credits, exact $/kW not found","not published","Voltus; CPower (PJM-wide)","2026-09-22","medium","https://energizepseg.com/2026/04/17/demand-response-programs-new-jersey-flexpower-smartflex/","PSE&G actively marketing FlexPower/SmartFlex DR programs in 2026; exact payment rate needs direct tariff pull."
"New Mexico","NM","mostly none (vertically integrated) / small SPP sliver","SPP DR in small eastern NM sliver only","not published","not published","PNM (Public Service Company of New Mexico) C&I interruptible tariffs","not published","not published","not published","2026-09-22","low","n/a","Not independently verified; low C&I DR market maturity expected."
"New York","NY","NYISO","NYISO Special Case Resources (SCR); NYISO Demand Side Ancillary Services Program (DSASP)","$/kW-month, set via monthly ICAP (installed capacity) auction, varies by zone and month","not published (aggregator-dependent)","Con Edison, Orange & Rockland, Central Hudson, PSEG Long Island (CSRP - Commercial System Relief Program), NYSEG, RG&E, National Grid - CSRP/DLRP (Demand Load Relief Program) utility-run programs","not published - CSRP/DLRP rates vary by utility and zone, not consistently published in sources found","not published","Voltus; CPower (both explicitly active across NY utilities per CPower's NY program pages)","2026-09-22","high","https://cpowerenergy.com/new-york-national-grid/|https://cpowerenergy.com/new-york-energy-market/|https://www.nyiso.com/demand-response","NY has the most utilities with clearly named, aggregator-accessible DR programs (CSRP/DLRP) of any state researched."
"North Carolina","NC","mostly none (vertically integrated, Duke territory) / very small PJM sliver","PJM ELRP in tiny sliver only; otherwise none","n/a for most of state","n/a","Duke Energy Carolinas/Progress PowerShare (large curtailable load program, min 100 kW) - capacity credit increased from $3.50 to $5/kW-month; new Non-Residential Storage Demand Response (Commercial PowerPair) program pending/launching","PowerShare: $5/kW-month capacity credit (up from $3.50); storage-specific program payment not yet published","100 kW minimum (PowerShare)","not published (CPower/Enel X likely broker Duke Carolinas contracts but not separately confirmed for NC)","2026-09-22","high","https://8msolar.com/duke-energys-commercial-powerpair-incentive-what-businesses-need-to-know/|https://www.prnewswire.com/news-releases/new-year-bigger-incentives-as-temperatures-fall-in-the-carolinas-duke-energy-increases-financial-incentives-for-customer-energy-efficiency-and-demand-response-programs-302343090.html","PowerShare $5/kW-month = $60/kW-yr, min 100kW - concrete, well-suited to compressor-cycling optimizer. Also an NC BPS/benchmarking watch state (see compliance file) if any local ordinance exists - none found at state or major-city level."
"North Dakota","ND","mostly SPP / small MISO sliver","SPP DR (limited); MISO LMR in small eastern sliver","not published","not published","Montana-Dakota Utilities Commercial Demand Response Program (serves MT/ND/SD, via CPower)","not published","not published","CPower (Montana-Dakota Utilities program confirmed active)","2026-09-22","medium","https://cpowerenergy.com/","Same tri-state CPower program as Montana/South Dakota."
"Ohio","OH","PJM","PJM Emergency Load Response Program (ELRP); PJM Economic Load Response; AEP is actively soliciting Aggregated DR Capacity via PJM RFP","~$120/kW-yr capacity (2026/2027 BRA); Economic LR at day-ahead/real-time LMP","not published (aggregator-dependent, typically 50-100 kW per site)","AEP Ohio, Duke Energy Ohio commercial demand response programs","not published - AEP Ohio residential thermostat rebate ($75 + $25/yr) found, but C&I-specific rate not published","not published","Voltus; CPower (PJM-wide); AEP explicitly runs a PJM Aggregated DR Capacity RFP process","2026-09-22","medium","https://www.aep.com/b2b/rfp/|https://www.duke-energy.com/business/products/demand-response-business","OH is also a state with a 2020s-era preemption law affecting local energy mandates (see compliance-drivers.csv) - check cross-reference."
"Oklahoma","OK","SPP","SPP Demand Response (limited, ~1% of peak dispatchable across footprint)","not published","not published","OG&E (Oklahoma Gas & Electric), PSO (Public Service Company of Oklahoma) C&I interruptible programs","not published","not published","Voltus (SPP)","2026-09-22","low","https://www.utilitydive.com/news/southwest-power-pool-registers-voltus-as-first-demand-response-services-pro/568853/","Not independently verified beyond SPP-wide footprint."
"Oregon","OR","none","n/a - vertically integrated, no organized wholesale market (Oregon is in the Western EIM but not a full RTO)","n/a","n/a","Portland General Electric, Pacific Power C&I demand response programs","not published","not published","not published","2026-09-22","low","n/a","Not independently researched in depth; Western EIM participation does not equate to an organized DR capacity market."
"Pennsylvania","PA","PJM","PJM Emergency Load Response Program (ELRP); PJM Economic Load Response","~$120/kW-yr capacity (2026/2027 BRA); Economic LR at day-ahead/real-time LMP","not published (aggregator-dependent, typically 50-100 kW per site)","PECO Economic Curtailment program (Curtailed Energy Credit based on % of PJM LMP); PPL Electric, Duquesne Light C&I demand response/DSR programs","not published - PECO's program description found but current rate not confirmed as still active/current in 2026","not published","Voltus; CPower (PJM-wide)","2026-09-22","medium","https://www.puc.pa.gov/electric/pdf/dsr/DSRWG_Existing_DSR_Programs_PECO.pdf","PECO Economic Curtailment program description found may be outdated (referenced 2006-era terms) - needs re-verification that it is still current."
"Rhode Island","RI","ISO-NE","ISO-NE Demand Response Resources (DRR) via Forward Capacity Market (FCM)","$/kW-month via FCM auction, varies by auction year","not published","Rhode Island Energy (formerly National Grid RI) 'Daily Dispatch' demand response program","not published","not published","CPower; Enel X (Daily Dispatch confirmed active in RI)","2026-09-22","medium","https://www.enelnorthamerica.com/solutions/energy-solutions/demand-response/new-england-demand-response","Same Daily Dispatch program family as CT/MA."
"South Carolina","SC","none","n/a - vertically integrated, no organized wholesale market","n/a","n/a","Duke Energy Carolinas/Progress PowerShare (curtailable load, likely similar structure to NC - min ~100 kW) plus new PowerShare Storage program (approved 2026, launching August 2026); Dominion Energy South Carolina C&I demand response not separately confirmed","PowerShare Storage: $120/kW one-time connectivity credit (+$30/kW if charged with renewables), $3.50/kW-month capacity credit, $0.10/kWh energy curtailment credit during events (storage-specific - HVAC-cycling-only assets may not qualify for this exact program, needs confirmation); traditional PowerShare curtailable-load rate not separately confirmed for SC (NC rate is $5/kW-month)","approx. 100 kW (by analogy to NC PowerShare; not independently confirmed for SC)","not published (no confirmed third-party aggregator - Voltus/CPower/Enel X - program specifically named for SC)","2026-09-22","medium","https://news.duke-energy.com/releases/new-duke-energy-program-helps-south-carolina-nonresidential-customers-lower-costs-while-supporting-a-growing-grid|https://energiesmedia.com/duke-energy-powershare-storage-south-carolina/|https://www.utilitydive.com/news/duke-expands-demand-response-programs-in-south-carolina-citing-record-usage/757587/","HIGH PRIORITY - this is Energy Plus's home state. PowerShare Storage (2026, approved by PSC) is explicitly a storage/battery program - unclear if a compressor-cycling optimizer without storage qualifies; traditional non-storage PowerShare curtailable-load program likely exists in SC (mirroring NC) but exact SC-specific rate was not found and needs a direct tariff/PSC filing pull. Dominion Energy South Carolina (former SCE&G) C&I DR program not found in search - unresolved."
"South Dakota","SD","mostly SPP / small MISO sliver","SPP DR (limited); MISO LMR in small eastern sliver","not published","not published","Montana-Dakota Utilities Commercial Demand Response Program (serves MT/ND/SD, via CPower)","not published","not published","CPower (Montana-Dakota Utilities program confirmed active)","2026-09-22","medium","https://cpowerenergy.com/","Same tri-state CPower program as Montana/North Dakota."
"Tennessee","TN","none (TVA vertically integrated) / tiny PJM/MISO slivers","n/a for most of state (TVA is not a FERC-jurisdictional ISO/RTO)","n/a","n/a","TVA / local power companies (e.g., Nashville Electric, Memphis Light Gas & Water) C&I demand response - TVA runs some load curtailment programs for large industrial customers","not published","not published","not published","2026-09-22","low","n/a","TVA's unique non-FERC-jurisdictional structure means no wholesale aggregator path; only route is TVA/local-power-company bilateral curtailment contracts. Not independently verified."
"Texas","TX","ERCOT (most) / SPP (panhandle) / MISO (small east Texas, Entergy Texas)","ERCOT Emergency Response Service (ERS); ERCOT Load Resources (ancillary services, e.g. ECRS, Reg-Down)","ERS: $/kW-season, availability payments cited around $3,000-8,000/MW-month during summer; event payments cited $10-30/kW/event, up to ~$100/kW annually in some cases","not published (aggregator-dependent, typically 50-100 kW per site, some ERCOT programs allow smaller via aggregation)","Oncor, CenterPoint Energy (T&D utilities, deregulated market - DR is mostly via retail electric providers/aggregators, not utility-run programs, except CenterPoint's MISO-territory Indiana/Louisiana programs elsewhere); Entergy Texas (small MISO sliver) may have Enel X-style bilateral program","not published","not published","Voltus; CPower; Enel X (all three explicitly confirmed active in ERCOT/Texas)","2026-09-22","high","https://www.ercot.com/services/programs/load/eils|https://enel625.zendesk.com/hc/en-us/articles/18493839250327-ERCOT-Emergency-Response-Service-ERS-Program-Guidelines|https://upg.energy/articles/demand-response-revenue-texas","TX is a deregulated retail market (ERCOT) - Energy Plus customers reach DR revenue through a competitive retail electric provider or directly through an aggregator, not through a utility-run program; this is the clearest, most mature DR revenue market of the 51 researched."
"Utah","UT","none (SPP Markets+/WEIM participation only, not full RTO)","n/a - no organized DR capacity market","n/a","n/a","Rocky Mountain Power (PacifiCorp) C&I demand response/interruptible programs","not published","not published","not published","2026-09-22","low","n/a","Not independently researched in depth."
"Vermont","VT","ISO-NE","ISO-NE Demand Response Resources (DRR) via Forward Capacity Market (FCM)","$/kW-month via FCM auction, varies by auction year","not published","Green Mountain Power, Central Vermont Public Service (Demand Management Program via CPower, cited with Central Maine Power/Versant as a New England reference)","not published","not published","CPower; Enel X (New England-wide)","2026-09-22","low","https://cpowerenergy.com/new-england-energy-market/","Not independently verified beyond ISO-NE-wide footprint."
"Virginia","VA","PJM","PJM Emergency Load Response Program (ELRP); PJM Economic Load Response","~$120/kW-yr capacity (2026/2027 BRA); Economic LR at day-ahead/real-time LMP","not published (aggregator-dependent, typically 50-100 kW per site)","Dominion Energy Virginia Non-Residential Curtailment Program","$36/kW/yr, paid monthly (reflects nominated kW in non-event months, measured performance during events)","approx. 100 kW (medium/large C&I peak demand)","Voltus; CPower (PJM-wide); likely also broker Dominion's program directly","2026-09-22","high","https://www.dominionenergy.com/virginia/save-energy/targeted-sector-programs|https://www.energy.virginia.gov/energy-efficiency/demand-response.shtml","One of the most concretely verified state entries - $36/kW/yr at 100kW+ is directly actionable. VA is also a BPS-adjacent watch state (Virginia Clean Economy Act touches benchmarking) - cross-check compliance file."
"Washington","WA","none","n/a - vertically integrated, no organized wholesale market (Western EIM participation only)","n/a","n/a","Puget Sound Energy Flex C&I business demand response program; PSE also running a 2026 Demand Response RFP to add ~500 MW by 2030","Flex C&I: up to $130/kW annually, based on capacity and performance (standby + achieved reduction)","not published (PSE 2026 RFP targets net-new DR resources; per-site minimum not found)","not published (PSE runs its own RFP-sourced DR portfolio; third-party aggregator brokering not separately confirmed)","2026-09-22","high","https://www.pse.com/en/business-incentives/energy-management-programs/flex-c-i|https://www.pse.com/en/pages/energy-supply/acquiring-energy/2026-Demand-Response-Request-for-Proposals","Up to $130/kW/yr is one of the strongest confirmed utility DR rates found in this research. WA is also a CBPS compliance state (see compliance-drivers.csv) - strong combined-value state."
"West Virginia","WV","PJM","PJM Emergency Load Response Program (ELRP); PJM Economic Load Response","~$120/kW-yr capacity (2026/2027 BRA); Economic LR at day-ahead/real-time LMP","not published (aggregator-dependent, typically 50-100 kW per site)","Appalachian Power (AEP) C&I demand response tariffs","not published","not published","Voltus; CPower (PJM-wide)","2026-09-22","low","https://www.pjm.com/-/media/DotCom/about-pjm/newsroom/fact-sheets/demand-response-fact-sheet.pdf","Not independently verified beyond PJM-wide footprint."
"Wisconsin","WI","MISO","MISO LMR; MISO Demand Response Resource (energy)","Capacity basis not consistently published","not published","We Energies, Alliant Energy, Xcel Energy (northern WI) C&I interruptible/curtailable tariffs","not published","not published","Voltus; CPower (MISO-wide)","2026-09-22","low","https://www.voltus.co/","Not independently verified beyond MISO-wide footprint."
"Wyoming","WY","mostly none / small SPP sliver","SPP DR (limited, eastern WY only)","not published","not published","Rocky Mountain Power (PacifiCorp), Black Hills Energy C&I demand response tariffs","not published","not published","not published","2026-09-22","low","n/a","Not independently researched in depth; low C&I DR market maturity expected."
