"mechanism","statute_or_program","status_2026_09","key_dates","value","eligible_our_measures","sector","stackable_with_utility_rebate","action_for_ep","verified_on","sources"
"Section 179D Energy Efficient Commercial Buildings Deduction","26 U.S.C. 179D; amended by One Big Beautiful Bill Act (OBBBA), P.L. 119-21, sec. 70020, signed 7/4/2025, adding new subsection 179D(i)","Active but sunsetting. Deduction is DISALLOWED for any property whose CONSTRUCTION BEGINS after June 30, 2026 (confirmed via 26 USC 179D(i) statutory text). This is a construction-start cutoff, not a placed-in-service cutoff — a project that begins construction on or before 6/30/2026 stays eligible even if completed years later.","OBBBA signed 7/4/2025 | Statutory cutoff: construction must begin on or before 6/30/2026 | Property must otherwise meet the existing >=25% whole-building energy-cost-savings threshold vs ASHRAE 90.1 baseline | No sunset previously existed (179D was made permanent by the 2020 Consolidated Appropriations Act before OBBBA added this termination)","2025 inflation-adjusted deduction: $0.58-$1.16/sq ft without prevailing wage & apprenticeship (scales $0.02/sqft per % point of savings above 25%, capped at 50% savings); $2.90-$5.81/sq ft WITH prevailing wage & registered apprenticeship (scales $0.12/sqft per % point, 5x multiplier). Eligible systems: interior lighting, HVAC, service hot water, building envelope. 2026-specific inflation-adjusted dollar figures were not independently located this session (IRS had not published a distinct 2026 Rev. Proc. figure we could confirm) — verify current-year number at irs.gov/energy.gov before quoting to a customer.","optimizer|cryogenx4|rtu_replacement|thermal_barrier|controls_general","commercial (all EP customer types: QSR, retail, hotel, distribution, light industrial, ag)","conditional","A retrofit that begins construction in October 2026 is INELIGIBLE for 179D — construction starts three months after the statutory cutoff. Do not offer 179D as an incentive for any EP project starting construction after 6/30/2026. For deals in the pipeline now, push customers to formally 'begin construction' (physical work test or 5% safe-harbor equivalent under 179D case law/guidance) before 6/30/2026 to lock in eligibility even if installation finishes later. Stacking with a utility rebate is generally fine since 179D is a federal tax deduction and utility rebates are a separate cash/bill-credit mechanism, but the utility rebate can affect the customer's depreciable basis or taxable income depending on rebate structure — flag for the customer's CPA rather than asserting stackability outright. For the rare EP customer that is a government or tax-exempt entity, 179D can be ALLOCATED to the designer/contractor (a third-party payment mechanism) instead of the owner — worth checking if any EP customers are municipally or nonprofit owned.","2026-09-22","https://uscode.house.gov/view.xhtml?req=%28title%3A26+section%3A179D+edition%3Aprelim%29|https://www.irs.gov/newsroom/faqs-for-modification-of-sections-25c-25d-25e-30c-30d-45l-45w-and-179d-under-public-law-119-21-139-stat-72-july-4-2025-commonly-known-as-the-one-big-beautiful-bill-obbb|https://www.energy.gov/cmei/buildings/179d-energy-efficient-commercial-buildings-tax-deduction|https://www.congress.gov/crs-product/IF12862"
"Section 48 Energy Credit — Geothermal Heat Pump Property","26 U.S.C. 48(a); OBBBA did not accelerate this technology's schedule","Active, long runway, EXPLICITLY excluded from OBBBA's wind/solar acceleration. Applies ONLY to ground/water-source (geothermal) heat pump property — does NOT cover air-source heat-pump rooftop units (RTUs).","Construction must begin before 1/1/2035 to be eligible at all | Base 6% / bonus 30% (with prevailing wage & apprenticeship) of eligible basis for construction beginning through 2032 | steps down to 5.2%/26% in 2033, 4.4%/22% in 2034, $0 after 2034 construction starts","6% base credit, up to 30% with prevailing wage and registered apprenticeship compliance, of eligible cost basis of true geothermal (ground/water-source) heat pump equipment.","none","commercial","unknown","IMPORTANT CORRECTION FOR SALES MESSAGING: EP's 'heat-pump RTU' offering is an AIR-SOURCE packaged rooftop unit, not a geothermal (ground/water-source) system. It does NOT qualify for this geothermal ITC. Do not let sales reps imply a heat-pump RTU install earns the 30% geothermal tax credit — this is a common and costly mix-up. This credit is only relevant to EP if EP ever adds true ground-source geothermal heat pumps to its measure list.","2026-09-22","https://www.plantemoran.com/explore-our-thinking/insight/2026/02/geothermal-heat-pump-systems-tax-incentives|https://www.law.cornell.edu/uscode/text/26/48|https://www.kirkland.com/publications/kirkland-alert/2025/08/one-big-beautiful-bill-act-brings-big-changes-to-green-energy-tax-credits"
"Section 48 / 48E — Solar Thermal, Solar Process Heat, Solar Water Heating Property","26 U.S.C. 48 (legacy 'solar energy property' definition) vs. 26 U.S.C. 48E (technology-neutral 'Clean Electricity Investment Credit')","UNCLEAR — see explanation. Legacy Section 48 explicitly lists equipment that heats/cools a structure or provides hot water or solar process heat as eligible 'solar energy property,' but for most technologies (solar included) Section 48's technology-specific rules generally require construction to have BEGUN BEFORE 1/1/2025 (the geothermal-heat-pump carveout to 2035 is a named exception; solar was not similarly carved out). New projects starting construction in 2025 or later are expected to use the replacement Section 48E credit instead — but 48E is statutorily framed as the 'Clean Electricity Investment Credit,' requiring the qualified facility to PRODUCE ELECTRICITY with a greenhouse-gas emissions rate of zero or less. Non-electric solar thermal/process-heat/water-heating equipment does not produce electricity, so whether it has ANY current federal ITC pathway is genuinely unresolved from the sources reviewed this session — secondary sources conflict (some list 'Solar Water Heat/Solar Space Heat/Solar Thermal Process Heat' as 48-eligible technologies without noting the 2025 construction-start cutoff; one source stated 48E disallows credit for 'qualified solar water heating expenditures' after 7/4/2025, which may actually be describing a residential/25D-adjacent provision, not a commercial 48E rule).","Section 48 (legacy): construction generally must have begun before 1/1/2025 for solar technologies | Section 48E: in effect for facilities placed in service after 1/1/2025, framed around electricity generation | Could not confirm a specific commercial-solar-thermal cutoff date from primary statutory text this session","Not published — do not quote a specific ITC percentage for solar thermal without independent tax-counsel confirmation. If a pre-2025 legacy Section 48 pathway somehow still applies: 6% base / up to 30% with prevailing wage+apprenticeship. If no 48E pathway exists for non-electric solar equipment: $0 federal ITC for new solar-thermal construction in 2025 or later.","solar_thermal","commercial","unknown","HIGH-PRIORITY OPEN ITEM: this is the single most consequential unresolved question in this deliverable for EP's solar_thermal measure. Before including any ITC percentage for solar thermal in a proposal, EP should get a written opinion from a tax attorney or CPA who specializes in energy credits (or call an IRS practitioner line) confirming whether commercial solar water heating / process heat property has a live 2026 federal ITC path under 48 or 48E. Until then, market solar thermal on utility rebates, depreciation, and operating-cost savings only — not on an ITC percentage.","2026-09-22","https://www.law.cornell.edu/uscode/text/26/48|https://www.law.cornell.edu/uscode/text/26/48E|https://www.eidebailly.com/insights/alerts/2025/obbb-energy-credits|https://www.cruxclimate.com/insights/tech-neutral-tax-credits"
"Section 48E Clean Electricity Investment Credit (solar PV / storage / other electricity-generating tech)","26 U.S.C. 48E, as amended by OBBBA sec. 70512","Active for non-wind/solar tech through 2032 at 100%, phasing down 2033-2035; wind & solar specifically accelerated — must begin construction by 7/4/2026 or be placed in service by 12/31/2027. Not directly relevant to EP's current measure list (EP's 'solar thermal' is non-electric; EP does not sell PV).","OBBBA signed 7/4/2025 | Wind/solar: construction must begin by 7/4/2026, OR placed in service by 12/31/2027 if construction begins after that date | Projects beginning construction on/before 7/4/2026 get a 4-year completion safe harbor (generally through 12/31/2030) | FEOC 'material assistance' cost-ratio test applies to facilities beginning construction after 12/31/2025, ramping from 40% non-FEOC content in 2026 up to 60% by 2030 for solar | Non-wind/solar tech (storage, fuel cells, CHP-adjacent categories under 48E) phases 100%/75%/50%/0% for construction beginning 2033/2034/2035/2036+","Base 6% / bonus 30% with prevailing wage & apprenticeship, of qualified investment; domestic-content bonus adder 10% (rates step up through 2026-2027); FEOC-compliant sourcing required for full value from 2026 onward.","none","commercial","unknown","Not currently applicable to EP's measure list since EP does not install solar PV or battery storage. Flag only if EP expands into on-site solar electric or thermal-energy-storage-as-a-service offerings — in that case the 7/4/2026 construction-start deadline (already passed as of this report if a project has not yet started) is the operative constraint for full-value solar PV credits.","2026-09-22","https://www.thetaxadviser.com/issues/2026/feb/navigating-safe-harbor-rules-for-solar-and-wind-sec-48e-facilities/|https://www.olsonpartnerslaw.com/articles/48e-solar-itc-terminates-end-of-2027/|https://seia.org/research-resources/clean-energy-provisions-big-beautiful-bill/"
"Section 45Y Clean Electricity Production Credit","26 U.S.C. 45Y, as amended by OBBBA","Active for non-wind/solar generators through 2032 with phase-down thereafter; wind/solar accelerated on the same 7/4/2026 construction-start / 12/31/2027 placed-in-service schedule as 48E. Not relevant to EP.","OBBBA signed 7/4/2025 | Wind/solar termination for facilities placed in service after 12/31/2027 if construction begins after 7/4/2026 | FEOC restrictions apply from 2026 (no 'specified foreign entity' or 'foreign-influenced entity' may claim the credit)","Per-kWh production credit, inflation-adjusted annually (2026 factor published in Federal Register 9/4/2026); not meaningful for a company that does not generate/sell electricity.","none","commercial (electricity generators only)","unknown","Not applicable — EP does not operate as an electricity generator/producer. Included only to confirm this mechanism does not touch any current EP measure.","2026-09-22","https://www.federalregister.gov/documents/2026/09/04/2026-18105/publication-of-inflation-adjustment-factor-and-applicable-amounts-for-clean-electricity-production|https://www.law.cornell.edu/uscode/text/26/45Y"
"Section 25C Energy Efficient Home Improvement Credit","26 U.S.C. 25C, terminated by OBBBA","TERMINATED. Confirmed: no credit for property placed in service after 12/31/2025.","OBBBA signed 7/4/2025, moved expiration from 2032 (per original IRA schedule) to 12/31/2025 | Last eligible tax year: property placed in service through 12/31/2025","Was up to $3,200/year (residential) for qualifying insulation, windows, doors, and qualified HVAC before repeal; $0 for 2026 and later.","none","residential","no","Not applicable — EP sells to commercial customers only (QSR, retail, hotel, distribution, light industrial, ag). No action needed, but useful to know if any EP contact asks about residential incentives for their own home.","2026-09-22","https://www.irs.gov/credits-deductions/energy-efficient-home-improvement-credit|https://uscode.house.gov/view.xhtml?req=%28title%3A26+section%3A25c+edition%3Aprelim%29|https://www.irs.gov/newsroom/faqs-for-modification-of-sections-25c-25d-25e-30c-30d-45l-45w-and-179d-under-public-law-119-21-139-stat-72-july-4-2025-commonly-known-as-the-one-big-beautiful-bill-obbb"
"Section 25D Residential Clean Energy Credit","26 U.S.C. 25D, terminated by OBBBA","TERMINATED. Confirmed: no credit for expenditures for property placed in service after 12/31/2025 (covered solar PV, solar water heating, battery storage, geothermal heat pumps at the residential level).","OBBBA signed 7/4/2025, moved expiration from 2034 (per original IRA schedule, on a phase-down) to 12/31/2025","Was 30% of cost, uncapped, for residential solar/storage/geothermal/solar water heating before repeal; $0 for 2026 and later.","none","residential","no","Not applicable to EP's commercial book of business. Confirms the residential solar-thermal credit pathway (which some homeowners used to use for solar water heating) is also gone, reinforcing that solar thermal has lost its most straightforward historical federal incentive on both the residential and (per the Section 48/48E row above) likely the commercial side.","2026-09-22","https://www.irs.gov/newsroom/faqs-for-modification-of-sections-25c-25d-25e-30c-30d-45l-45w-and-179d-under-public-law-119-21-139-stat-72-july-4-2025-commonly-known-as-the-one-big-beautiful-bill-obbb|https://www.ase.org/blog/what-new-irs-guidance-means-energy-efficiency-tax-incentives"
"Section 45L New Energy Efficient Home Credit","26 U.S.C. 45L, terminated by OBBBA","TERMINATED for homes acquired after 6/30/2026. Applies to new-home builders/developers, not commercial retrofits.","OBBBA signed 7/4/2025 | Credit unavailable for qualified new energy-efficient homes ACQUIRED after 6/30/2026","Was up to $2,500-$5,000/unit for developers of qualifying new energy-efficient homes/multifamily; $0 after the cutoff.","none","residential (new construction)","no","Not applicable to EP — EP does not build new residential units. No action needed.","2026-09-22","https://www.irs.gov/newsroom/faqs-for-modification-of-sections-25c-25d-25e-30c-30d-45l-45w-and-179d-under-public-law-119-21-139-stat-72-july-4-2025-commonly-known-as-the-one-big-beautiful-bill-obbb|https://www.energy.gov/cmei/buildings/section-45l-tax-credits-doe-efficient-new-homes"
"MACRS Bonus Depreciation (100%) and Section 179 Expensing","26 U.S.C. 168(k), permanently restored to 100% by OBBBA sec. 70301; IRS Notice 2026-11 (1/14/2026)","ACTIVE and, per IRS, the single most broadly usable federal mechanism for EP's whole measure list. 100% bonus depreciation is PERMANENT (no longer phasing down) for qualified property acquired after 1/19/2025 and placed in service after that date.","OBBBA signed 7/4/2025 | 100% bonus depreciation applies to qualified property ACQUIRED after 1/19/2025 (property under binding contract before 1/19/2025 does NOT get the restored 100% rate even if placed in service later — it follows the old phase-down: 40% for 2025 placed-in-service, 20% for 2026, 0% after) | IRS Notice 2026-11 (issued 1/14/2026) is the primary transition guidance | Section 179 expensing cap was also increased by OBBBA but the exact new dollar cap/phase-out threshold was NOT independently confirmed via a primary IRS source this session — verify current Sec. 179 limits at irs.gov/pub 946 before quoting a figure to a customer.","100% first-year bonus depreciation for qualifying MACRS property with a class life <=20 years, including most equipment. CLASSIFICATION NUANCE THAT MATTERS MOST FOR EP: a rooftop HVAC unit that becomes a structural component of the building is generally 39-year nonresidential real property and does NOT independently get bonus depreciation; controls/sensor/VFD retrofit equipment that is add-on personal property (not a structural component) is typically 5-7 year MACRS property and DOES qualify for 100% bonus depreciation; interior HVAC/controls work done as an improvement to an existing nonresidential building's interior may separately qualify as Qualified Improvement Property (QIP), a 15-year class life that also qualifies for 100% bonus depreciation (QIP explicitly excludes building enlargements, elevators/escalators, and internal structural framework, but does not exclude HVAC on its face — however, exterior/rooftop-mounted equipment is commonly treated as a structural component rather than an 'interior' improvement in practice). This 39-year vs 15-year(QIP) vs 5-7-year(personal property) line is exactly why cost segregation studies exist, and we could not get authoritative primary-source confirmation this session of how EP's specific optimizer/CryoGenX4/RTU packages would be classified by an IRS examiner — recommend EP have a cost-segregation specialist classify a representative project.","optimizer|cryogenx4|rtu_replacement|solar_thermal|thermal_barrier|controls_general","commercial (all EP customer types)","conditional","This is likely EP's highest-value, most durable federal talking point post-OBBBA: 100% bonus depreciation is now PERMANENT, unlike the pre-OBBBA phase-down to 0% by 2027. For controls/optimizer retrofits (add-on equipment, not structural), EP can credibly tell customers 'the full cost is depreciable in year one.' For RTU replacements (structural HVAC), the classification is murkier — do not promise 100% first-year write-off without a cost-segregation opinion; RTUs replacing existing structural HVAC may default to 39-year treatment absent a QIP or personal-property argument. Utility rebates generally reduce the depreciable basis of the equipment (the rebate is typically treated as a reduction in cost, not taxable income, under general tax principles for a capital cost rebate) — so bonus depreciation is 'stackable' with a utility rebate only in the sense that depreciation applies to the NET (post-rebate) cost; flag this basis-reduction mechanic to the customer's CPA rather than promising the two benefits are fully additive on the gross project cost.","2026-09-22","https://www.irs.gov/newsroom/treasury-irs-issue-guidance-on-the-additional-first-year-depreciation-deduction-amended-as-part-of-the-one-big-beautiful-bill|https://www.bdo.com/insights/tax/one-big-beautiful-bill-act-expands-100-depreciation-expensing-opportunities|https://warrenaverett.com/insights/one-big-beautiful-bill-bonus-depreciation/|https://www.plantemoran.com/explore-our-thinking/insight/2022/08/the-tcja-100-percent-bonus-depreciation-starts-to-phase-out-after-2022"
"USDA REAP — Renewable Energy System & Energy Efficiency Improvement GRANTS","7 U.S.C. 8107 (Rural Energy for America Program), 7 CFR 4280 Subpart B; Executive Order 14315 'Ending Market-Distorting Subsidies for Unreliable, Foreign Controlled Energy Sources'","PAUSED as of this writing. USDA Rural Business-Cooperative Service halted ALL REAP grant awards (both the energy-efficiency-improvement category and the renewable-energy-system category, which would include solar thermal) effective 3/31/2026, pending a rulemaking to amend 7 CFR 4280 Subpart B for consistency with EO 14315. USDA said it will issue a NEW Notice of Funding Opportunity once the rule is final, and that prior applicants may reapply; we could not confirm via primary source whether the new NOFO had been issued as of 9/22/2026 (WebSearch budget exhausted before this could be re-checked — treat as 'still paused, verify with State Energy Coordinator' pending direct confirmation).","Grants originally: up to 50% of eligible project cost, max $500,000 for energy-efficiency-improvement grants and max $1,000,000 for renewable-energy-system grants (post-IRA increase from $250k/$500k) | Grant pause announced/effective 3/31/2026 | No confirmed reopening date as of 9/22/2026","Historically up to 50% grant of eligible project cost (subject to the $500k EE / $1M RE caps above). Currently $0 available while paused — cannot be relied upon for active proposals until a new NOFO issues.","optimizer|cryogenx4|rtu_replacement|solar_thermal|thermal_barrier|controls_general","commercial — RESTRICTED to rural areas (population <=50,000) AND to either an agricultural producer (>=50% of gross income from agricultural operations) or a 'rural small business' meeting SBA size standards. Excludes most of EP's non-rural QSR/retail/hotel/distribution customers.","conditional","Two-part impact: (1) Do NOT include REAP grant dollars in any active EP proposal right now — the grant program is paused with no confirmed reopening date; this could strand a deal if quoted as a funding source. (2) Even when REAP reopens, it only helps the subset of EP's rural agricultural and rural-small-business customers, not EP's broader QSR/retail/hotel/distribution book, which is mostly not in qualifying rural areas. An energy audit or ASABE/AEE-certified energy assessment is required as part of the application for the efficiency-improvement category — factor that lead time in if/when the program reopens.","2026-09-22","https://www.rd.usda.gov/inflation-reduction-act/rural-energy-america-program-reap|https://opengrants.io/reap-grant-grants-stopped-loans-still-open/|https://www.dtnpf.com/agriculture/web/ag/news/business-inputs/article/2026/04/01/usda-halts-reap-grant-applications|https://civileats.com/2026/04/02/usda-pauses-rural-energy-grants-amid-anti-renewables-push/|https://sustainableagriculture.net/blog/release-usda-halts-rural-energy-efficiency-investments/"
"USDA REAP — Guaranteed Loan Program","7 U.S.C. 8107; 7 CFR 4280 Subpart B (loan guarantee provisions)","ACTIVE. USDA explicitly stated the guaranteed-loan side of REAP continues to accept applications even while the grant side is paused.","Grant pause (3/31/2026) explicitly did NOT extend to guaranteed loans, per USDA's own announcement","Loan guarantee percentage and maximum loan amount were not independently confirmed via a primary rd.usda.gov source this session (the official program pages returned HTTP 403 to direct fetch); historically REAP guarantees a large majority of loan principal up to a multi-million-dollar cap — verify exact current percentage/cap directly with a USDA Rural Development state office before quoting to a customer.","optimizer|cryogenx4|rtu_replacement|solar_thermal|thermal_barrier|controls_general","commercial — same rural + agricultural-producer/rural-small-business restriction as the grant program","conditional","Still a live financing lever for EP's rural agricultural and rural-small-business customers even while REAP grants are paused — position it as 'low-cost guaranteed financing' rather than 'grant funding' until the grant NOFO reopens. Same rural/eligible-entity restriction as the grant program limits applicability to EP's broader non-rural customer base.","2026-09-22","https://www.rd.usda.gov/programs-services/energy-programs/rural-energy-america-program-renewable-energy-systems-energy-efficiency-improvement-guaranteed-loans|https://opengrants.io/reap-grant-grants-stopped-loans-still-open/"
"SBA 504 Green Loan Program (Energy Public Policy Project)","13 CFR 120.882 (SBA 504/CDC loan program, Green/Energy Public Policy goal)","ACTIVE, no rural restriction — broader applicability than REAP for EP's commercial book.","No OBBBA-related change identified for this SBA loan program in this session's research","Qualifies for expanded/second/third 504 loan(s) if the project reduces energy consumption or energy use intensity (EUI) by at least 10% compared to historical use through building upgrades (equipment or systems). Raises the SBA maximum contribution to a $5.5M cap per loan (vs. $5M standard) and allows an aggregate outstanding SBA 504 balance up to $16.5M across up to three green-energy loans (vs. $5.5M standard aggregate cap).","optimizer|cryogenx4|rtu_replacement|thermal_barrier|controls_general","commercial (nationwide, no rural restriction — fits EP's QSR/retail/hotel/distribution/light-industrial customers better than REAP)","yes","Good fit for EP's non-rural commercial customers that REAP can't reach. A bundled optimizer + RTU replacement + thermal-barrier-coating project that documents a >=10% EUI reduction (an energy audit/M&V report showing this should be a deliverable EP already produces) can unlock a larger, cheaper SBA 504 loan for the customer — worth building '10% EUI reduction' into EP's standard savings-modeling output as a named qualifying threshold for sales conversations.","2026-09-22","https://somercor.com/sba-504-program-green-energy-loans/|https://www.growthcorp.com/green-energy-upgrades/|https://blp504.org/sba-504-green-loan-program/"
"Greenhouse Gas Reduction Fund (GGRF) — National Clean Investment Fund (NCIF), Clean Communities Investment Accelerator (CCIA), Solar for All","Clean Air Act sec. 134 (as added by IRA sec. 60103); repealed by OBBBA sec. 60103 repeal language (P.L. 119-21)","TERMINATED. Per EPA's own program page: OBBBA (signed 7/4/2025) repealed CAA sec. 134 and rescinded GGRF funding. EPA had already terminated NCIF/CCIA grant agreements on 3/11/2025 citing 'program integrity' concerns; Solar for All was discontinued 8/7/2025 after OBBBA removed EPA's authority to administer it and rescinded remaining funds. A D.C. Circuit panel ruled 9/2/2025 that terminated NCIF/CCIA funds should stay frozen pending litigation. Multiple lawsuits over Solar for All remain active (Maryland Clean Energy Center v. United States, filed 10/15/2025, Court of Federal Claims; Arizona v. EPA, filed 10/16/2025) but the program is not currently operating or disbursing.","NCIF/CCIA grant agreements terminated 3/11/2025 | OBBBA repeal/rescission 7/4/2025 | Solar for All discontinued 8/7/2025 | D.C. Circuit ruling upholding termination 9/2/2025 | State/coalition lawsuits filed Oct. 2025, unresolved as of this report","Was $27B total across NCIF/CCIA/Solar for All (green bank financing + $7B residential solar for low-income households); $0 currently available/operating.","none","commercial and residential (mixed; funded green banks/community lenders and residential solar, not commercial HVAC retrofits directly)","no","Dead end for EP — do not reference GGRF, NCIF, CCIA, or Solar for All as a funding source in any current proposal. This was never a great direct fit for EP's commercial HVAC measures anyway (it primarily capitalized green banks/CDFIs and low-income residential solar), but it's worth confirming with customers who ask about it that the program is gone, not just paused.","2026-09-22","https://www.epa.gov/aboutepa/greenhouse-gas-reduction-fund|https://blogs.law.columbia.edu/climatechange/2025/10/31/four-solar-for-all-lawsuits-two-distinct-forums-and-legal-theories/|https://www.cbpp.org/blog/continued-freeze-of-greenhouse-gas-reduction-fund-threatens-climate-investments-in-vulnerable"
"DOE Energy Efficiency and Conservation Block Grant Program (EECBG)","42 U.S.C. 17151 et seq. (Energy Independence and Security Act of 2007), IIJA-funded ($550M), administered by DOE Office of State and Community Energy Programs (SCEP)","ACTIVE. DOE's SCEP page shows EECBG as an ongoing, funded program as of Sept. 2026 with no termination language found. South Carolina's own EECBG office confirms an active Round 3 (rolling applications through 12/1/2025, projects completing through May 2026), and now allows state agencies to apply.","IIJA-funded $550M program, ongoing multi-year disbursement to ~2,700 state/local/Tribal governments | SC Round 3 rolling deadline 12/1/2025 | SC 2024-round projects expected complete by 5/2026","Formula and competitive grants to state, local, and Tribal governments (not directly to private businesses) for local energy efficiency/conservation projects.","optimizer|rtu_replacement|thermal_barrier|controls_general|any_ee","state/local/Tribal government — a THIRD-PARTY pass-through: money goes to the municipality/county/Tribe, not to EP's private commercial customers (QSR, retail, hotel, distribution, light industrial, ag) directly.","conditional","Not a direct funding source for EP's current customer types, since none are government-owned facilities. Relevant only as a business-development angle: EECBG-funded local governments sometimes hire outside contractors for facility retrofits or run sub-grant programs for local businesses — worth having EP's SC-based team check with the SC Energy Office whether any local EECBG sub-grant or contractor opportunities exist that EP could bid into as the implementer (a 'third-party gets paid' structure).","2026-09-22","https://www.energy.gov/cmei/scep/office-state-and-community-energy-programs|https://energy.sc.gov/programs/funding/energy-efficiency-and-conservation-block-grant-eecbg-program|https://www.energy.gov/scep/energy-efficiency-and-conservation-block-grant-eecbg-program-competitive-awards"
"DOE State Energy Program (SEP)","42 U.S.C. 6321 et seq.; administered by DOE Office of State and Community Energy Programs (SCEP)","ACTIVE. DOE SCEP page references a recent 'over $400 million in funding' SEP-related announcement and shows no termination/pause language as of Sept. 2026.","Ongoing annual formula funding to state energy offices; no specific SC-relevant deadline identified this session","Formula grants to STATE energy offices, who design and run their own sub-programs (which vary widely by state — could be revolving loan funds, rebate programs, technical assistance, etc.).","controls_general|any_ee","state government (pass-through) — a THIRD PARTY: money and program design authority sit with the state energy office (in EP's case, the SC Energy Office), not with EP's commercial customers directly.","conditional","Not a direct incentive EP can quote a dollar figure for — it funds whatever program South Carolina's state energy office chooses to run with its SEP allocation. Action: have EP's SC team check energy.sc.gov periodically for any SEP-funded commercial rebate, revolving-loan, or technical-assistance program that EP's optimizer/RTU/coating measures could plug into, since SEP dollars flow through the state, not directly to building owners.","2026-09-22","https://www.energy.gov/cmei/scep/office-state-and-community-energy-programs|https://energy.sc.gov/programs/funding/energy-efficiency-and-conservation-block-grant-eecbg-program"
"IRA Home Energy Rebates — Home Efficiency Rebates (HOMES) and Home Electrification & Appliance Rebates (HEAR/HEEHRA)","IRA sec. 50121 (HOMES) and sec. 50122 (HEAR); state-administered with DOE funding","ACTIVE in roughly 20+ states as of early-mid 2026, but RESIDENTIAL ONLY and with state-by-state variation — some states' allocations are already exhausted (e.g., California's single-family HEEHRA rebates were reported fully reserved as of 2/24/2026). Florida and South Dakota declined their allocations entirely. No national rescission found; this is a state-by-state patchwork, not a uniform federal program status.","$8.8B total IRA allocation split ~$4.3B HOMES / ~$4.5B HEAR across states | State launch dates vary widely (example: Colorado's HEAR single-family program ran 11/13/2025-8/2/2026) | Programs generally capped at up to $8,000 (HOMES) or $14,000 (HEAR) per household, income-restricted for HEAR (<=150% AMI for full benefit tier)","Up to $8,000/household (HOMES, performance-based whole-home retrofit) or up to $14,000/household (HEAR, point-of-sale appliance/electrification rebates); varies by state administrator and remaining allocation.","none","residential","no","Not applicable to EP's commercial customer base — flagged here per the July dataset's residential column, per the task brief. If EP ever considers a light-commercial/multifamily crossover offering, note that availability is highly state- and allocation-dependent and must be checked live at the specific state administrator's site, not assumed active.","2026-09-22","https://aurorasolar.com/home-solar/blog/energy-101/what-is-heehra-home-energy-rebate|https://www.electrifycalc.site/guides/heehra-rebates-by-state-2026|https://energyoffice.colorado.gov/ira-rebate-faq"
"FERC Order No. 2222 — Wholesale Market Participation of Distributed Energy Resource Aggregations","FERC Order No. 2222 (issued 9/17/2020); RTO/ISO compliance filings ongoing","Context row, not a direct EP revenue mechanism today. Implementation remains slow nationally (PJM, NYISO, SPP progressing compliance filings as of a Jan. 2026 tracker report; capacity-market DER participation timeline targets 2027-2028). CRITICAL LOCAL NOTE: South Carolina is NOT inside an RTO/ISO footprint that FERC directly regulates for retail dispatch — Duke Energy Carolinas/Progress and Dominion/Santee Cooper territory in SC is vertically-integrated utility territory, not an organized wholesale market region, so Order 2222's DER-aggregator wholesale-market access has little to no direct near-term applicability to EP's home-state customers absent SC joining an RTO or a market like SEEM maturing into something FERC-jurisdictional.","Order issued 9/17/2020 | RTO/ISO compliance filings ongoing through 2026 | Capacity-market DER aggregation participation targeted for the 2028/2029 delivery year (auction ~5/2026) in at least one RTO | Not independently confirmed whether SC is covered by any FERC-jurisdictional wholesale market as of 9/2026","No direct dollar value — it is a market-access rule enabling aggregators (a third party, not the building owner) to bundle customer curtailment/flexibility and sell it into wholesale energy/capacity/ancillary markets, where such markets exist and allow it.","optimizer|controls_general","wholesale electricity market (context — pays an AGGREGATOR/third party, not the building owner directly)","conditional","Do not build a demand-response revenue projection into an SC-based EP proposal on the strength of Order 2222 — SC customers are very likely outside any FERC-jurisdictional RTO footprint today, so there's no live wholesale market for an aggregator to sell EP-enabled curtailment into locally. This becomes relevant only (a) for EP customers with facilities in RTO territory (PJM/MISO/NYISO/SPP/ISO-NE/ERCOT-adjacent states), or (b) if/when a Southeast market (e.g., SEEM) evolves into a FERC-jurisdictional structure DER aggregators can access. Revisit this row if EP expands outside SC/Duke/Dominion/Santee Cooper territory.","2026-09-22","https://www.ferc.gov/ferc-order-no-2222-explainer-facilitating-participation-electricity-markets-distributed-energy|https://www.ferc.gov/media/ferc-order-no-2222-fact-sheet"
